IQ,Prev_Sem_Result,CGPA,Academic_Performance,Internship_Experience,Extra_Curricular_Score,Communication_Skills,Projects_Completed,College_Num,Actual_Placement,Predicted_Placement
95,5.11,5.59,2,0,1,3,5,57,0,0
71,8.82,8.74,5,1,0,3,1,80,0,0
100,5.23,4.91,2,0,5,1,2,56,0,0
73,6.07,5.95,7,1,10,10,3,93,0,0
107,7.04,6.6,3,0,9,7,5,76,0,0
94,5.84,6.16,10,0,0,8,5,74,0,0
124,7.73,7.96,3,0,8,3,1,50,0,0
117,6.78,7.13,3,1,5,9,5,12,1,1
87,8.83,8.91,4,1,6,5,4,88,0,0
119,5.62,6.05,7,1,5,3,1,94,0,0
106,8.41,8.2,10,0,4,10,5,12,1,1
89,8.84,9.08,5,1,3,3,5,94,0,0
91,5.02,4.68,8,1,9,4,0,20,0,0
103,7.13,6.99,10,1,10,10,5,45,0,0
95,5.87,5.48,1,1,3,4,1,13,0,0
109,9.14,9.04,2,0,8,1,3,75,0,0
85,8.16,8.48,7,1,0,7,0,93,0,0
72,5.75,5.44,4,0,9,8,0,94,0,0
100,9.88,9.81,1,0,5,10,0,69,0,0
90,7.87,7.72,9,0,3,10,1,8,0,0
113,5.84,5.85,5,0,0,5,3,80,0,0
93,6.96,6.89,8,1,1,3,0,30,0,0
93,5.72,5.26,3,0,10,7,3,86,0,0
106,9.53,9.34,8,1,10,2,5,90,0,0
114,7.39,7.17,6,1,8,9,0,68,0,0
101,8.71,8.43,9,0,10,2,4,23,0,0
83,7.63,7.93,1,1,5,3,5,34,0,0
86,7.36,7.59,2,1,3,1,4,18,0,0
125,5.9,5.91,2,1,9,3,2,55,0,0
98,5.57,5.76,8,0,10,9,5,12,0,0
104,7.28,7.41,2,1,7,1,3,12,0,0
104,5.64,5.56,7,1,8,9,0,36,0,0
91,7.73,8.09,9,0,0,1,3,53,0,0
124,6.91,6.91,2,1,7,1,0,82,0,0
69,5.2,5.24,10,0,4,3,5,40,0,0
105,9.91,9.87,2,0,4,6,5,68,0,0
116,7.06,7.0,6,1,0,1,4,29,0,0
118,9.62,9.46,7,0,4,2,4,82,1,1
90,9.67,9.9,4,0,4,5,2,7,0,0
102,9.74,9.86,8,1,0,5,5,23,0,0
82,7.05,7.35,9,0,1,7,4,14,0,0
105,8.96,8.85,2,1,10,10,5,40,1,1
103,5.91,6.35,8,1,3,1,5,47,0,0
107,6.18,5.92,7,1,9,1,0,9,0,0
112,9.94,9.65,7,0,2,9,3,99,1,1
114,8.54,8.81,10,0,1,2,0,88,0,0
108,8.18,8.17,6,0,7,5,3,29,0,0
119,5.51,5.38,6,0,3,7,4,70,0,0
94,9.0,8.97,4,0,2,1,2,78,0,0
67,8.69,9.1,1,0,1,1,3,51,0,0
85,9.79,9.41,2,0,9,6,1,45,0,0
109,6.98,7.16,1,1,4,4,1,22,0,0
111,5.28,5.25,6,1,0,4,4,80,0,0
102,9.63,9.3,2,0,0,9,3,40,1,1
101,7.23,6.95,8,0,2,7,4,36,0,0
82,6.55,6.17,5,0,0,7,1,88,0,0
128,9.05,8.67,3,0,5,5,2,92,1,1
109,8.58,8.17,8,0,2,5,5,96,0,0
122,8.2,8.01,3,1,0,5,3,22,1,1
93,7.86,7.77,9,0,2,6,2,7,0,0
91,8.02,7.66,4,1,6,9,5,52,0,0
115,8.8,8.59,1,0,9,7,3,48,1,1
91,7.08,6.87,4,0,3,1,1,32,0,0
78,8.59,8.97,3,0,4,4,3,46,0,0
96,7.6,8.05,4,0,5,1,1,77,0,0
109,5.54,5.22,4,1,9,8,0,72,0,0
101,6.35,6.67,8,0,0,6,0,29,0,0
102,5.1,5.22,5,0,5,10,1,40,0,0
80,5.46,5.82,4,1,4,6,1,35,0,0
80,7.91,7.57,5,0,8,10,4,83,0,0
88,9.11,8.67,3,1,8,9,2,12,1,1
62,8.11,8.21,4,0,0,4,4,38,0,0
127,9.45,8.98,2,1,9,7,2,41,1,1
95,9.07,8.88,3,0,2,2,5,38,0,0
118,6.82,6.53,3,1,7,1,2,28,0,0
90,7.48,7.74,7,0,8,8,4,15,0,0
86,9.31,9.68,4,1,7,7,1,98,0,0
105,6.0,5.85,4,0,2,4,4,92,0,0
120,7.97,7.76,1,1,9,9,2,32,1,1
87,8.67,8.8,6,1,1,6,2,97,0,0
100,9.91,9.49,2,1,4,8,3,76,1,1
93,8.72,8.42,7,0,7,7,0,40,0,0
105,5.31,5.15,6,0,10,6,3,97,0,0
130,6.02,5.7,10,0,2,10,3,33,1,1
111,6.99,7.31,7,1,4,7,5,34,0,0
124,8.14,8.53,8,1,0,3,3,40,1,1
98,7.64,7.31,10,1,10,8,0,86,0,0
105,7.46,7.14,8,0,2,9,3,3,0,0
109,6.0,6.12,3,0,7,5,0,71,0,0
106,6.41,6.61,9,1,8,1,3,22,0,0
89,7.56,7.57,9,1,2,3,5,68,0,0
103,8.36,8.38,8,1,1,7,4,91,0,0
81,6.17,5.96,4,0,10,2,1,24,0,0
99,5.69,5.63,10,0,8,4,4,79,0,0
73,6.11,5.76,9,1,6,2,4,25,0,0
113,5.43,5.79,3,0,10,9,1,95,0,0
88,6.86,6.39,2,0,3,7,0,98,0,0
110,5.53,5.68,7,1,7,7,0,27,0,0
108,6.98,7.06,9,0,7,5,3,98,0,0
84,5.57,5.36,5,0,5,9,1,10,0,0
96,7.45,7.11,10,0,5,3,4,26,0,0
122,5.79,5.43,1,1,3,5,5,13,0,0
110,7.46,7.08,4,0,3,8,0,81,0,0
121,5.55,5.36,4,0,8,4,2,93,0,0
80,6.55,6.36,5,1,1,3,4,88,0,0
75,6.67,6.23,6,1,7,5,2,69,0,0
99,5.74,5.56,7,1,9,9,5,15,0,0
106,8.2,8.02,10,1,7,5,2,2,0,0
91,5.93,6.39,6,0,0,9,0,76,0,0
93,5.75,5.3,5,1,4,10,3,22,0,0
85,7.33,7.45,10,1,10,1,5,63,0,0
79,5.13,5.06,2,0,3,2,1,20,0,0
102,7.67,8.13,4,0,8,2,5,55,0,0
92,5.99,6.3,3,0,10,3,4,30,0,0
98,5.35,5.56,7,1,3,2,5,81,0,0
113,7.33,7.51,8,1,8,1,3,90,0,0
97,6.1,6.18,8,1,4,9,5,59,0,0
117,6.71,6.75,6,0,0,6,3,78,0,0
87,8.0,8.17,2,0,5,7,3,39,0,0
95,8.05,7.76,8,1,1,6,4,13,0,0
79,6.24,6.3,9,1,3,5,3,99,0,0
107,6.91,6.87,2,0,3,9,3,74,0,0
104,7.46,7.79,5,1,7,10,1,49,0,0
122,9.7,9.48,6,0,1,2,5,25,1,1
99,9.57,9.41,5,0,5,1,3,43,0,0
117,5.59,5.76,1,0,7,5,0,13,0,0
120,7.36,7.35,1,0,3,4,1,11,0,0
100,7.41,7.18,8,0,1,8,5,43,0,0
109,8.64,8.45,3,1,0,10,5,29,1,1
104,6.64,7.08,1,0,7,9,2,78,0,0
75,6.19,6.1,10,1,0,7,4,27,0,0
74,7.49,7.49,6,0,10,1,1,73,0,0
108,5.5,5.96,7,1,2,4,3,3,0,0
81,7.55,7.53,3,1,8,3,4,89,0,0
97,5.17,4.93,6,0,2,3,1,28,0,0
82,8.46,8.7,9,1,0,9,5,91,1,1
89,5.91,5.5,8,1,9,8,0,40,0,0
106,5.98,6.33,10,0,2,10,5,50,0,0
102,5.91,5.95,10,1,2,7,4,81,0,0
114,7.36,7.05,10,1,3,1,4,38,0,0
92,6.55,6.48,1,1,2,7,0,81,0,0
107,7.0,6.71,10,1,9,5,4,45,0,0
119,5.76,5.74,6,1,1,6,0,60,0,0
105,6.01,5.81,3,0,10,10,2,88,0,0
90,9.16,8.87,8,0,9,2,4,46,0,0
100,5.58,5.69,8,1,8,8,3,4,0,0
132,7.44,7.73,5,1,3,6,1,86,0,0
86,8.25,7.87,9,0,7,5,2,31,0,0
102,7.35,7.04,2,0,10,8,2,25,0,0
90,6.23,6.27,9,1,10,5,1,59,0,0
122,6.32,6.65,5,1,10,9,4,53,1,1
84,6.99,6.82,7,0,2,8,2,41,0,0
100,6.02,6.02,3,1,0,5,4,31,0,0
82,7.58,7.56,1,0,10,10,1,89,0,0
119,9.52,9.79,3,0,10,5,0,45,0,0
121,5.65,6.08,4,0,8,3,3,91,0,0
115,8.07,7.92,9,0,6,2,5,7,0,0
115,9.16,9.31,5,1,9,1,5,2,1,1
92,8.92,9.05,2,0,6,10,3,18,1,1
108,7.35,7.8,3,0,9,10,2,23,0,0
91,6.27,6.4,4,0,1,2,4,100,0,0
98,8.26,8.38,8,0,8,1,1,43,0,0
95,5.08,4.63,3,1,7,2,4,66,0,0
74,5.18,4.93,9,0,9,10,1,2,0,0
132,5.07,4.7,9,1,8,3,1,38,0,0
91,9.61,9.68,5,1,8,9,1,58,0,0
120,6.26,5.8,8,0,5,8,2,15,1,1
97,9.07,8.58,7,1,8,8,5,89,1,1
111,5.04,5.36,3,0,7,4,0,51,0,0
102,8.69,8.4,8,0,10,4,0,78,0,0
102,7.92,8.32,2,0,2,7,3,58,0,0
97,6.95,7.31,10,1,0,6,4,85,0,0
109,9.46,9.41,5,1,5,7,5,61,0,0
117,8.5,8.07,1,0,0,10,0,26,1,1
103,9.54,9.91,1,0,4,2,4,53,0,0
124,5.37,5.59,1,0,8,7,1,72,0,0
64,5.36,5.43,5,1,5,1,0,3,0,0
117,6.83,7.24,8,0,1,10,3,77,1,1
128,9.72,9.51,9,0,2,5,3,4,1,1
110,7.58,7.4,8,0,7,7,3,68,0,0
93,9.49,9.21,10,0,0,2,1,81,0,0
112,5.6,5.76,10,0,8,10,4,80,1,1
98,7.1,6.72,2,1,7,3,2,42,0,0
103,5.17,5.35,10,1,3,6,5,10,0,0
114,8.26,7.77,1,0,5,1,0,26,0,0
100,8.79,8.97,3,0,4,8,5,97,1,1
78,5.24,5.5,8,1,5,1,2,92,0,0
88,8.6,8.36,9,0,8,1,3,36,0,0
123,5.11,5.09,8,0,9,5,5,81,0,0
73,5.18,5.11,5,1,5,6,3,62,0,0
79,6.85,6.56,10,0,3,1,1,49,0,0
107,5.56,5.34,5,0,6,5,4,79,0,0
73,9.16,8.99,7,1,0,4,3,93,0,0
114,8.74,9.07,5,0,2,3,5,60,1,1
102,8.05,7.85,9,1,7,4,0,23,0,0
104,6.19,5.8,3,1,9,9,4,18,0,0
95,6.09,6.39,4,1,9,6,5,10,0,0
94,5.83,6.09,1,1,10,2,3,20,0,0
111,8.95,9.05,1,1,9,8,3,86,1,1
113,9.54,9.38,3,0,2,10,3,30,1,1
121,8.88,9.06,2,0,2,2,5,3,1,1
88,6.41,6.86,1,1,10,7,3,19,0,0
97,9.49,9.9,1,0,7,7,4,38,0,0
92,5.28,5.77,1,0,3,5,4,2,0,0
67,9.74,9.99,1,0,5,9,4,48,1,1
88,8.87,8.69,7,0,5,10,0,77,0,0
93,5.12,5.53,4,0,4,8,3,92,0,0
105,9.27,9.29,6,1,3,4,3,85,0,0
86,6.59,6.65,5,1,5,6,5,87,0,0
103,5.23,5.18,9,0,7,5,2,24,0,0
89,8.44,8.13,6,1,4,2,0,36,0,0
100,6.39,6.02,6,1,0,1,5,42,0,0
95,6.35,6.72,8,0,5,9,2,64,0,0
104,5.37,5.09,3,0,0,2,0,9,0,0
107,8.18,8.14,6,0,3,8,4,38,1,1
83,6.21,6.31,4,1,2,1,5,3,0,0
91,7.09,7.49,9,1,8,10,2,23,0,0
109,5.41,5.55,7,0,3,4,4,3,0,0
99,7.55,7.35,4,0,6,7,2,85,0,0
114,7.4,7.2,4,0,2,8,3,67,1,1
106,6.59,6.52,8,1,8,7,1,9,0,0
96,5.62,5.85,6,1,0,1,5,92,0,0
101,8.41,8.49,10,0,7,2,4,53,0,0
101,9.08,9.09,8,0,5,2,4,32,0,0
91,6.63,6.76,10,1,3,7,0,33,0,0
111,6.65,6.41,2,0,1,5,3,80,0,0
97,6.43,6.35,4,0,7,4,2,16,0,0
113,5.84,6.11,8,1,0,6,3,19,0,0
95,8.71,8.68,5,1,7,10,5,6,1,1
96,8.37,8.79,9,0,0,1,5,93,0,0
104,5.26,5.01,6,1,3,9,3,61,0,0
90,9.6,9.69,8,0,0,6,2,15,0,0
90,9.03,8.66,10,1,6,2,0,23,0,0
107,8.27,8.56,1,1,3,2,5,63,0,0
82,8.04,7.98,1,0,1,3,5,53,0,0
89,5.86,5.46,3,0,8,3,0,5,0,0
88,5.49,5.02,3,1,2,4,1,94,0,0
106,7.12,7.44,8,1,8,10,0,76,0,0
106,5.94,5.75,7,1,9,7,5,93,0,0
123,6.29,6.13,3,0,8,9,2,20,1,1
83,8.15,8.64,3,0,8,10,3,18,1,1
97,9.59,9.13,3,1,6,10,4,47,1,1
104,9.69,9.34,7,0,9,8,5,17,1,1
118,8.03,7.63,6,0,7,7,3,73,0,0
110,7.52,7.36,9,0,0,8,1,40,0,0
117,7.08,6.93,2,1,3,5,5,68,0,0
90,9.95,10.14,3,0,1,4,3,69,0,0
94,8.92,8.84,10,1,2,8,0,42,0,0
107,7.11,7.18,9,1,5,8,2,47,0,0
76,9.02,9.22,4,1,6,8,1,15,0,0
80,7.86,7.41,9,0,5,4,1,12,0,0
114,9.58,9.68,4,1,7,4,0,4,0,0
113,7.81,7.54,10,1,8,7,5,3,0,0
68,6.42,5.96,1,0,2,2,4,28,0,0
60,7.44,7.6,10,1,2,2,4,34,0,0
93,8.72,9.05,2,1,3,7,3,100,0,0
77,8.12,7.85,6,1,8,3,3,67,0,0
98,7.56,7.22,9,0,2,7,5,36,0,0
110,5.86,5.62,4,1,4,4,5,68,0,0
79,8.89,9.23,1,0,4,8,1,69,0,0
91,8.46,7.99,9,1,1,9,5,34,0,0
129,8.52,8.65,1,0,6,4,1,71,0,0
108,8.11,8.12,5,1,4,7,4,11,0,0
91,9.76,10.09,7,1,5,2,2,15,0,0
67,8.54,9.03,7,1,10,9,4,5,1,1
74,8.43,8.59,2,0,2,5,2,75,0,0
111,5.16,5.31,5,0,1,2,1,65,0,0
101,5.8,5.91,7,0,8,1,0,80,0,0
118,9.93,10.1,8,0,9,9,5,57,1,1
113,9.69,9.91,3,0,10,1,5,96,1,1
116,5.86,6.34,10,0,7,8,2,33,1,1
112,8.47,8.11,9,0,8,5,0,30,0,0
99,9.66,9.27,7,1,10,3,0,42,0,0
120,8.77,9.22,6,0,7,1,5,88,1,1
102,6.33,6.2,7,0,6,10,4,73,0,0
91,9.07,8.68,3,1,2,10,4,89,1,1
99,5.22,4.73,2,1,9,8,2,61,0,0
100,9.48,9.56,7,1,9,8,2,45,1,1
90,8.38,8.45,2,0,2,4,5,75,0,0
90,5.39,5.74,9,1,9,8,0,65,0,0
87,5.41,5.36,5,0,1,4,5,46,0,0
119,9.83,10.06,3,1,10,4,2,32,1,1
73,5.27,5.47,1,0,2,8,2,96,0,0
77,8.34,8.17,10,0,10,2,1,61,0,0
78,7.33,7.12,6,1,7,3,0,43,0,0
122,5.46,5.24,8,0,4,3,0,27,0,0
115,8.41,8.51,2,0,9,3,1,18,0,0
117,7.18,7.38,8,1,5,10,0,26,0,0
96,9.44,9.52,5,1,3,2,0,44,0,0
90,9.64,9.57,5,0,6,8,4,96,1,1
105,9.48,9.03,4,0,3,7,1,37,0,0
84,7.32,7.33,9,0,10,10,3,80,0,0
84,9.57,9.18,6,0,3,5,4,40,0,0
82,6.2,6.6,2,0,2,9,1,50,0,0
96,6.14,6.29,9,0,4,7,2,46,0,0
110,8.23,8.25,5,1,7,9,1,71,0,0
89,9.76,9.88,3,0,6,10,3,72,1,1
115,6.87,6.66,4,0,9,8,5,26,1,1
78,5.09,4.98,10,0,8,4,2,46,0,0
122,6.46,6.39,1,0,5,4,0,77,0,0
110,7.13,7.44,5,1,2,6,2,66,0,0
104,6.88,6.93,4,0,8,10,0,96,0,0
90,8.46,8.72,10,0,3,9,0,60,0,0
116,9.41,9.89,5,1,0,8,2,51,1,1
102,6.99,7.32,6,0,5,7,3,32,0,0
117,7.86,7.42,8,0,1,8,1,50,0,0
69,6.83,6.46,5,0,2,8,5,9,0,0
74,5.05,4.89,8,0,5,3,1,51,0,0
74,9.77,9.34,5,1,6,8,4,62,1,1
103,7.98,7.96,8,1,7,10,4,11,0,0
101,6.93,7.37,8,1,9,7,1,30,0,0
98,8.07,7.7,4,0,6,3,3,92,0,0
129,9.64,9.32,2,0,7,3,4,67,1,1
72,9.25,9.33,10,1,1,9,2,70,1,1
109,7.16,6.89,10,1,10,7,0,14,0,0
86,5.56,5.58,3,0,9,2,3,80,0,0
119,7.27,7.64,3,1,2,1,5,2,0,0
119,7.76,8.04,7,0,7,3,1,75,0,0
95,6.75,6.46,4,0,3,4,2,98,0,0
87,5.99,6.32,6,0,5,4,3,69,0,0
105,9.85,10.07,2,0,2,9,2,16,1,1
108,9.38,9.47,8,0,5,10,2,7,1,1
103,9.9,9.42,7,1,10,3,4,33,0,0
85,8.35,8.24,1,0,8,9,0,58,0,0
102,8.93,8.78,5,1,9,6,2,5,0,0
98,9.2,8.77,2,0,5,10,1,24,0,0
91,6.22,5.75,4,1,0,2,5,72,0,0
79,7.63,7.2,5,1,1,7,5,2,0,0
93,6.7,6.65,10,1,8,7,1,58,0,0
82,7.77,7.29,1,1,1,2,0,88,0,0
93,7.32,6.85,8,0,8,2,4,88,0,0
125,9.88,10.17,4,0,10,10,2,66,1,1
95,8.5,8.04,7,0,5,1,3,27,0,0
115,6.96,7.42,4,1,8,1,5,61,0,0
87,6.73,6.25,9,1,3,4,1,74,0,0
105,9.23,9.06,6,0,2,1,3,47,0,0
100,8.72,8.84,9,0,4,1,0,25,0,0
77,5.47,5.55,3,0,6,4,1,91,0,0
85,8.11,8.58,1,0,9,7,3,50,0,0
69,9.89,9.8,7,0,10,1,0,40,0,0
86,8.75,8.53,9,0,4,2,3,35,0,0
102,6.87,7.32,10,1,8,7,5,75,0,0
87,7.53,7.88,7,1,4,8,0,71,0,0
117,5.38,5.22,8,1,0,8,5,50,1,1
94,9.58,9.72,3,0,9,7,3,64,0,0
107,8.8,8.68,4,0,4,8,2,56,1,1
116,9.68,9.68,5,1,8,1,5,43,1,1
80,5.4,5.18,4,0,4,10,2,12,0,0
107,9.86,9.47,9,0,10,3,0,65,0,0
110,8.32,8.08,3,0,10,8,1,83,0,0
102,5.23,5.22,1,0,1,2,0,64,0,0
126,7.34,7.36,3,0,7,6,1,25,0,0
106,6.02,5.56,3,0,3,9,3,26,0,0
108,8.11,8.44,1,1,4,7,3,87,0,0
105,6.06,6.1,1,0,0,6,4,7,0,0
113,9.3,9.71,4,1,7,10,3,67,1,1
86,6.78,6.57,1,0,10,9,5,35,0,0
108,6.79,6.38,2,0,4,10,5,54,0,0
92,9.49,9.09,4,1,10,10,5,58,1,1
87,7.69,7.96,5,0,9,8,5,6,0,0
95,8.27,8.15,5,0,0,3,0,95,0,0
110,8.81,8.85,10,0,1,3,4,97,0,0
87,5.18,5.11,4,1,8,5,1,31,0,0
93,5.81,6.08,10,1,4,4,2,58,0,0
97,9.34,9.53,8,0,9,1,3,87,0,0
114,6.24,6.1,2,1,10,10,1,95,0,0
95,8.76,9.07,8,1,8,7,2,68,0,0
128,7.93,7.79,6,0,4,8,5,82,1,1
83,8.95,9.23,7,1,1,6,5,31,0,0
112,6.87,6.96,9,1,7,10,4,88,1,1
77,5.33,5.75,3,0,5,8,3,13,0,0
82,9.83,9.59,5,1,1,9,2,15,1,1
102,7.42,7.75,2,0,5,4,1,53,0,0
119,5.15,5.22,2,1,1,9,4,61,1,1
80,7.87,7.85,7,0,6,10,1,14,0,0
99,8.98,8.75,1,1,4,7,4,19,0,0
103,8.66,9.09,6,0,5,1,0,68,0,0
94,6.53,6.29,1,0,10,8,5,98,0,0
83,8.02,8.42,9,0,3,1,2,65,0,0
91,9.96,9.68,2,0,8,8,5,12,1,1
106,5.71,5.91,8,0,2,5,0,94,0,0
128,6.59,6.47,2,1,5,4,4,73,0,0
110,9.78,9.86,10,1,5,3,4,58,0,0
106,9.15,8.79,4,0,1,7,2,71,0,0
106,5.95,6.24,7,0,7,4,5,37,0,0
119,9.34,9.63,4,0,2,6,0,61,0,0
95,6.65,6.51,4,0,0,4,5,17,0,0
83,6.42,6.57,4,0,1,6,5,66,0,0
95,7.01,6.56,8,1,9,10,2,61,0,0
81,9.64,9.19,3,0,1,4,2,99,0,0
90,5.46,5.1,2,0,8,10,2,73,0,0
101,8.32,8.38,3,0,2,8,4,58,1,1
104,7.91,7.85,2,1,0,1,2,30,0,0
104,5.22,4.86,2,0,10,9,2,19,0,0
112,5.26,5.68,9,1,5,1,1,31,0,0
115,5.63,5.85,2,0,9,7,3,38,0,0
96,9.86,9.91,4,0,6,4,0,32,0,0
119,9.3,9.03,1,0,5,8,2,26,1,1
90,7.78,8.21,9,0,2,7,4,1,0,0
94,6.95,7.04,3,0,1,10,0,71,0,0
98,5.1,5.3,2,1,10,3,3,91,0,0
97,7.19,6.94,5,0,2,10,2,86,0,0
120,7.68,8.01,1,0,8,7,2,82,1,0
74,7.13,6.95,9,0,5,5,3,15,0,0
70,5.3,5.27,8,1,9,3,0,64,0,0
111,9.19,9.32,10,0,3,10,3,19,1,1
93,6.23,6.51,8,0,5,7,4,77,0,0
104,9.39,9.12,1,1,9,7,4,58,0,0
96,8.91,8.78,1,0,2,9,2,16,1,1
106,7.16,7.48,3,1,0,2,5,50,0,0
117,5.38,5.53,6,1,4,9,2,40,1,1
95,9.11,8.76,4,0,3,10,5,58,1,1
74,7.54,7.31,5,0,7,1,5,41,0,0
115,7.34,6.84,7,1,5,6,2,38,0,0
104,9.87,9.58,3,0,9,5,0,89,0,0
92,8.05,7.56,2,1,9,4,3,57,0,0
96,8.84,9.32,6,0,2,7,2,41,0,0
110,6.99,6.68,2,0,1,5,4,85,0,0
104,6.86,7.19,5,0,8,5,1,83,0,0
97,8.4,8.81,3,0,2,7,0,86,0,0
96,5.61,5.97,9,0,0,2,3,39,0,0
110,5.55,5.47,6,1,4,3,2,51,0,0
113,6.82,7.2,7,0,8,6,2,4,0,0
97,9.18,9.59,8,0,9,6,1,44,0,0
122,8.05,8.42,8,0,6,10,3,74,1,1
84,5.11,4.96,6,0,7,5,1,43,0,0
77,8.67,8.79,6,0,3,9,0,23,0,0
84,8.04,7.79,1,1,9,4,1,57,0,0
121,7.23,7.16,5,1,1,9,2,62,1,1
89,9.98,10.05,9,1,8,1,0,37,0,0
111,6.93,7.06,8,0,5,3,5,97,0,0
62,8.21,8.59,3,1,2,3,4,88,0,0
115,8.08,8.17,8,1,3,8,2,98,1,1
129,7.09,6.68,4,0,4,6,0,48,0,0
107,5.53,5.93,5,1,2,2,5,91,0,0
88,9.51,9.68,7,0,1,2,4,51,0,0
109,8.69,8.89,1,0,6,8,0,23,0,0
109,5.89,5.73,8,0,7,7,3,38,0,0
88,9.96,9.93,8,0,3,1,5,43,0,0
107,8.6,8.56,6,1,5,4,1,24,0,0
84,5.28,5.39,8,0,4,5,4,20,0,0
99,8.24,8.68,6,0,5,3,3,91,0,0
66,5.57,5.16,4,0,5,5,4,72,0,0
72,6.71,6.64,6,0,4,5,3,47,0,0
92,7.04,6.99,10,0,6,8,5,79,0,0
75,9.99,9.82,4,1,1,1,3,35,0,0
68,7.31,7.2,3,1,9,9,0,98,0,0
92,8.14,7.84,5,0,2,3,5,36,0,0
95,5.82,6.11,6,0,10,8,1,78,0,0
93,9.56,9.3,7,1,3,5,3,62,0,0
126,7.76,7.31,4,0,0,8,4,93,1,1
93,5.35,5.78,9,1,10,7,4,5,0,0
84,6.46,6.38,8,0,0,5,0,91,0,0
93,6.0,5.7,2,1,9,8,3,34,0,0
95,8.49,8.34,8,1,3,5,1,66,0,0
68,8.82,8.84,9,1,0,1,5,40,0,0
116,6.54,6.31,2,0,5,4,5,33,0,0
73,6.52,6.47,8,0,8,4,2,90,0,0
101,5.03,5.21,4,1,0,6,3,39,0,0
76,8.04,8.38,9,0,6,1,4,97,0,0
105,6.47,6.11,3,0,8,8,4,100,0,0
77,7.53,7.21,6,0,5,5,0,32,0,0
81,6.62,6.41,8,0,2,8,2,99,0,0
75,6.44,6.39,10,0,1,10,5,53,0,0
104,5.36,5.1,9,1,0,4,5,65,0,0
110,9.78,9.49,1,0,0,8,0,42,0,0
95,9.77,9.32,2,0,9,4,4,4,0,0
92,9.96,10.4,3,0,5,4,1,44,0,0
94,5.22,5.48,6,0,5,6,3,84,0,0
92,8.48,8.05,9,1,6,7,2,48,0,0
88,5.48,5.4,1,1,3,1,5,67,0,0
81,9.92,10.37,10,0,9,5,5,3,0,0
62,5.3,5.54,5,0,9,7,4,87,0,0
90,7.94,7.57,2,0,9,2,5,46,0,0
110,9.38,9.86,7,1,9,4,4,35,0,0
101,5.86,5.6,9,1,1,8,4,67,0,0
116,7.15,6.93,10,0,2,1,3,75,0,0
101,8.43,8.14,4,1,5,9,5,89,1,1
102,7.08,7.17,8,1,10,8,5,61,0,0
119,5.92,5.63,1,0,5,5,1,44,0,0
117,8.43,8.71,7,1,4,3,3,39,1,1
103,7.52,7.48,3,0,4,3,5,50,0,0
91,5.93,5.66,4,0,9,8,4,47,0,0
88,8.44,8.24,8,0,10,2,3,8,0,0
104,9.83,10.06,1,1,9,2,4,99,0,0
108,8.59,8.8,1,0,6,5,4,91,0,0
99,5.25,4.94,7,1,6,3,2,25,0,0
85,7.25,7.64,10,1,4,10,3,72,0,0
88,7.62,7.46,9,0,6,4,1,97,0,0
70,9.38,9.11,10,0,9,10,2,75,1,1
100,8.54,8.62,5,0,0,7,1,45,0,0
75,7.03,7.3,8,0,4,6,1,75,0,0
119,5.76,5.42,5,1,10,2,5,39,0,0
114,8.78,8.97,5,1,2,9,3,85,1,1
109,5.02,4.66,1,0,7,6,5,63,0,0
103,6.02,5.88,7,1,1,3,0,83,0,0
71,5.79,5.63,9,0,0,4,4,59,0,0
95,8.17,7.68,6,0,5,4,5,80,0,0
120,5.74,5.25,9,0,10,8,0,26,0,0
97,5.9,5.83,3,0,2,9,0,25,0,0
124,8.45,8.79,1,0,9,3,4,69,1,1
96,8.49,7.99,5,0,3,6,2,86,0,0
92,6.71,7.03,7,0,7,5,5,47,0,0
84,7.68,7.5,6,0,0,3,3,14,0,0
75,8.01,8.4,7,1,0,2,0,56,0,0
83,8.75,8.3,7,1,0,7,3,4,0,0
104,5.55,5.95,8,1,2,2,0,99,0,0
68,6.74,6.31,4,1,6,10,5,78,0,0
83,6.13,6.34,1,0,1,7,2,57,0,0
80,5.35,5.7,4,1,6,7,2,86,0,0
80,6.7,6.82,1,0,4,3,1,92,0,0
93,6.81,6.63,4,0,7,5,4,9,0,0
51,7.66,7.43,8,0,4,9,2,23,0,0
110,9.8,9.44,2,0,6,1,1,7,0,0
98,9.14,9.63,10,0,5,6,5,91,0,0
99,5.8,5.48,2,0,0,6,5,5,0,0
93,7.48,7.43,7,0,0,6,3,90,0,0
131,5.49,5.75,9,1,3,3,5,54,0,0
118,6.99,7.39,3,1,7,5,5,92,0,0
118,7.0,7.13,9,0,4,7,0,29,0,0
80,5.91,5.48,7,0,8,7,4,41,0,0
107,8.97,9.43,6,0,10,1,1,70,0,0
99,6.84,6.76,7,0,2,1,0,57,0,0
114,6.78,6.3,2,0,10,5,3,44,0,0
111,9.55,9.2,3,1,2,8,2,24,1,1
124,5.34,5.36,10,0,6,4,2,93,0,0
106,9.96,9.89,2,1,5,5,4,50,0,0
93,8.17,8.33,9,0,2,8,4,52,1,1
89,7.98,7.71,2,0,7,10,3,1,0,0
86,6.63,6.51,1,1,3,7,2,76,0,0
132,7.83,7.58,4,0,0,1,0,18,0,0
99,7.49,7.44,2,0,3,10,5,95,0,0
111,8.21,7.83,8,0,9,6,3,98,0,0
99,8.17,8.4,1,0,1,3,1,74,0,0
140,9.42,9.11,2,0,4,3,5,80,1,1
120,5.62,5.34,2,1,0,9,1,48,0,0
118,6.96,6.55,6,0,3,4,0,49,0,0
96,8.81,8.52,10,0,9,1,2,33,0,0
94,7.39,7.85,4,0,10,3,4,93,0,0
100,9.18,9.47,9,0,6,3,1,92,0,0
91,8.16,7.89,5,0,8,5,1,29,0,0
103,6.09,6.17,4,1,10,4,4,63,0,0
110,9.63,9.84,10,0,0,5,1,89,0,0
100,8.73,8.75,8,1,3,7,5,73,0,0
88,6.57,6.49,9,1,2,5,2,61,0,0
104,7.1,6.79,7,1,9,2,5,15,0,0
105,5.44,5.03,10,1,8,8,4,69,0,0
103,5.66,5.83,1,0,3,7,0,65,0,0
80,6.99,6.58,4,1,2,10,3,75,0,0
90,6.2,5.79,8,0,6,9,5,78,0,0
80,9.5,9.82,10,0,4,7,5,59,0,0
78,8.07,8.41,7,0,8,10,2,43,1,1
79,7.3,6.88,6,1,6,4,2,26,0,0
85,9.11,8.66,8,0,1,2,3,29,0,0
105,8.24,8.24,6,1,0,10,3,96,1,1
120,7.49,7.31,3,1,6,3,0,86,0,0
93,9.9,9.47,4,0,3,1,4,21,0,0
120,8.61,8.78,5,1,5,3,2,42,1,1
85,5.63,5.99,6,1,10,1,3,84,0,0
115,8.9,8.54,2,1,1,4,4,92,1,1
91,6.53,6.17,2,0,5,9,2,34,0,0
115,6.51,6.4,7,1,9,4,1,94,0,0
90,6.36,6.52,4,0,10,2,4,27,0,0
100,9.16,8.74,8,0,5,3,3,60,0,0
116,7.16,7.58,4,1,4,5,0,20,0,0
88,7.72,7.48,10,0,9,4,4,66,0,0
96,6.37,6.82,2,0,0,7,0,58,0,0
100,7.41,7.75,6,0,8,9,0,90,0,0
100,8.59,8.47,4,0,4,8,4,33,1,1
69,5.84,5.65,6,1,9,5,3,32,0,0
84,9.35,9.24,9,0,5,7,1,60,0,0
106,9.66,9.55,10,0,7,1,3,19,0,0
82,8.83,9.23,3,0,6,4,1,86,0,0
98,9.2,9.41,1,0,7,5,0,29,0,0
97,7.06,6.71,2,0,10,2,5,6,0,0
97,6.45,6.0,10,0,3,9,1,15,0,0
127,5.22,5.62,7,0,10,8,4,60,1,1
79,7.69,8.13,7,1,0,1,4,62,0,0
87,6.53,6.44,8,0,2,3,4,24,0,0
94,8.03,7.8,9,1,9,4,4,11,0,0
121,8.89,8.62,10,1,7,5,0,59,0,0
97,9.07,8.9,7,0,7,1,5,6,0,0
67,7.17,7.27,5,0,1,8,1,75,0,0
116,5.96,6.2,7,1,3,4,1,74,0,0
109,9.77,10.04,8,0,4,8,3,78,1,1
85,7.41,7.07,1,0,10,6,2,52,0,0
117,7.01,6.77,10,0,3,9,5,16,1,1
125,6.86,7.09,3,0,1,9,4,84,1,1
94,8.24,8.74,5,0,10,9,5,47,1,1
105,8.04,7.95,5,0,6,4,0,89,0,0
108,7.08,7.12,2,1,7,6,2,31,0,0
98,8.67,8.5,2,0,7,10,5,75,1,1
102,8.05,7.99,2,1,0,8,3,98,0,0
81,6.69,7.13,8,1,4,1,4,82,0,0
59,9.3,9.16,4,0,3,5,1,15,0,0
94,5.42,5.79,7,1,10,3,0,9,0,0
116,5.25,5.18,6,0,3,9,3,95,1,1
98,5.71,5.24,7,0,0,10,2,62,0,0
71,8.14,7.87,5,0,3,2,2,77,0,0
109,5.47,5.26,8,0,8,1,5,4,0,0
99,5.82,5.73,7,1,6,9,0,29,0,0
105,9.48,9.07,3,1,8,9,1,79,0,0
106,6.43,6.36,2,0,2,7,5,79,0,0
83,6.98,7.47,6,1,3,6,4,82,0,0
104,8.59,8.35,8,1,4,8,3,15,1,1
72,6.46,6.76,1,0,1,1,4,87,0,0
99,6.41,6.69,9,0,9,2,5,70,0,0
104,7.13,7.6,5,1,2,1,5,8,0,0
99,6.46,6.89,4,0,9,4,1,23,0,0
119,7.8,8.04,6,0,2,10,3,95,1,1
88,7.69,7.29,7,0,8,9,3,32,0,0
103,8.96,9.04,1,0,8,4,3,22,0,0
117,8.91,9.12,6,0,2,5,0,61,0,0
112,7.56,7.2,10,1,6,1,5,55,0,0
100,9.58,10.04,8,1,8,8,0,18,0,0
150,8.45,8.66,3,0,10,10,0,38,1,1
108,8.4,8.8,1,0,7,2,1,78,0,0
120,5.71,6.06,4,0,1,9,2,74,1,1
125,8.31,8.43,1,0,7,3,3,41,1,1
92,5.74,5.42,2,0,0,9,4,42,0,0
96,9.5,9.78,10,0,3,6,1,44,0,0
76,8.05,7.99,5,0,7,3,3,56,0,0
95,6.26,6.76,9,1,10,3,4,24,0,0
87,8.63,8.31,6,0,9,4,2,35,0,0
138,8.71,8.3,6,1,1,6,2,1,1,1
91,5.13,5.61,8,0,4,4,2,90,0,0
86,5.62,5.47,3,0,5,6,2,77,0,0
113,8.91,9.32,4,0,8,6,4,29,1,1
85,7.67,8.1,10,0,4,2,3,88,0,0
103,7.3,6.96,10,0,6,6,1,47,0,0
98,5.7,5.61,7,0,8,8,3,94,0,0
102,8.46,8.22,9,0,5,2,5,4,0,0
102,5.1,5.04,3,0,8,7,5,30,0,0
89,6.98,6.56,2,1,7,9,3,79,0,0
69,7.31,7.27,3,1,4,3,4,33,0,0
123,8.42,8.0,9,1,10,9,4,33,1,1
93,9.44,9.89,3,0,6,3,1,41,0,0
97,7.52,7.21,5,0,9,5,0,63,0,0
107,8.06,7.97,7,0,10,9,1,65,0,0
117,6.11,6.02,4,1,7,8,0,85,0,0
106,5.3,5.08,5,0,4,7,2,41,0,0
89,6.04,6.46,9,0,6,7,4,16,0,0
88,8.91,8.58,3,0,6,5,5,29,0,0
103,8.79,8.31,5,0,2,7,3,37,0,0
102,6.58,6.12,9,0,1,7,5,16,0,0
110,5.5,5.16,7,0,1,7,5,75,0,0
100,9.44,9.18,6,1,2,8,3,76,1,1
87,9.88,10.28,5,0,6,6,2,96,0,0
98,6.29,6.53,10,1,10,1,1,28,0,0
114,7.33,7.04,1,1,5,7,3,60,0,0
76,5.74,5.81,6,0,3,5,4,44,0,0
99,9.43,9.03,7,0,1,3,2,73,0,0
112,8.13,8.48,9,0,3,2,4,22,1,1
112,7.53,7.08,1,1,5,8,5,87,1,1
83,6.13,6.07,4,1,4,4,5,70,0,0
86,5.1,5.29,3,0,7,2,0,68,0,0
96,7.41,7.24,5,0,0,10,2,33,0,0
87,7.28,7.17,6,1,3,7,4,58,0,0
95,8.81,8.95,8,0,6,10,2,64,1,1
86,9.74,9.76,7,1,8,2,1,86,0,0
93,9.47,9.7,7,1,2,7,3,34,0,0
96,8.87,8.52,7,0,1,2,2,13,0,0
101,5.3,5.71,9,0,2,9,1,39,0,0
97,7.58,7.17,1,1,2,7,5,7,0,0
111,6.57,6.73,8,1,8,4,5,36,0,0
110,7.56,7.95,2,1,2,3,3,86,0,0
80,8.43,8.57,9,0,2,1,0,41,0,0
107,7.79,8.2,4,0,7,5,3,18,0,0
109,5.93,5.91,10,0,7,6,2,31,0,0
108,7.86,7.44,2,0,0,3,2,61,0,0
81,8.91,9.17,3,1,4,10,3,17,1,1
75,5.16,5.37,10,0,5,5,0,27,0,0
87,6.55,6.36,8,0,4,8,4,29,0,0
119,7.81,7.77,6,1,8,4,5,2,0,0
107,7.57,7.44,10,0,8,10,3,72,0,0
88,5.97,5.72,9,0,0,2,0,80,0,0
99,7.74,7.36,9,0,7,10,0,56,0,0
125,6.14,6.54,9,0,0,10,3,86,1,1
101,9.2,8.7,6,0,4,6,0,60,0,0
106,8.93,8.83,3,0,9,2,5,44,0,0
113,6.09,5.99,6,1,10,10,5,62,1,1
103,6.45,6.35,1,0,6,10,5,6,0,0
93,5.55,5.99,6,0,7,3,4,40,0,0
107,7.71,7.75,4,1,2,6,4,86,0,0
107,7.81,8.12,2,0,3,5,5,97,0,0
75,6.26,6.75,10,1,4,2,4,56,0,0
81,9.11,9.41,5,0,5,9,0,96,0,0
84,8.03,8.34,5,1,1,1,0,1,0,0
116,7.68,7.53,5,0,6,8,2,22,1,1
98,8.21,8.34,3,1,8,5,0,27,0,0
75,6.9,7.12,5,0,5,10,4,62,0,0
108,8.08,8.49,2,0,0,5,5,58,0,0
96,8.95,8.65,5,0,3,6,2,66,0,0
73,5.88,5.51,2,0,5,8,0,73,0,0
96,8.3,8.58,2,1,3,7,4,80,0,0
121,6.84,6.7,4,0,2,1,2,22,0,0
61,6.08,6.2,7,1,8,4,5,82,0,0
128,7.56,7.49,6,1,8,1,3,16,0,0
97,8.97,9.27,10,0,7,3,2,2,0,0
101,5.41,5.23,1,0,3,3,1,82,0,0
101,6.45,6.55,2,1,0,8,5,45,0,0
111,8.81,8.88,3,1,5,10,2,27,1,1
52,9.23,8.89,3,0,5,3,5,73,0,0
103,8.13,7.91,4,0,3,8,0,19,0,0
87,5.04,5.26,7,1,0,2,0,66,0,0
128,7.83,8.03,10,0,8,1,0,77,0,0
105,7.06,6.99,2,1,5,2,4,98,0,0
112,7.56,7.88,7,1,6,1,4,94,0,0
101,7.23,7.65,10,0,4,8,4,20,0,0
111,7.65,7.18,4,1,10,1,0,99,0,0
88,7.38,7.53,10,0,2,3,0,67,0,0
95,5.76,5.58,10,0,6,2,5,54,0,0
109,6.37,6.01,2,0,10,9,5,2,0,0
119,6.44,6.13,10,1,3,5,4,6,0,0
120,9.05,9.25,5,0,3,5,4,65,1,1
100,9.15,9.01,7,1,6,7,2,36,0,0
82,9.91,9.5,7,0,6,6,0,6,0,0
111,9.06,9.42,5,1,3,7,5,50,1,1
101,7.61,7.92,1,0,10,5,5,39,0,0
103,6.0,5.97,7,0,0,3,4,6,0,0
73,5.4,5.89,7,1,7,1,1,93,0,0
83,6.33,6.18,8,0,10,6,0,15,0,0
107,8.36,8.7,2,0,0,7,4,71,0,0
85,5.74,5.45,2,0,2,10,0,78,0,0
79,6.06,6.28,6,0,1,3,0,91,0,0
96,5.84,6.05,8,0,10,9,3,12,0,0
106,6.24,6.42,6,0,1,5,4,57,0,0
100,7.19,6.82,10,0,4,6,3,6,0,0
126,9.8,9.97,1,0,5,3,3,45,1,1
109,9.17,9.38,5,0,4,10,4,39,1,1
99,6.77,7.26,6,0,0,8,3,28,0,0
76,8.16,8.62,9,0,8,1,2,93,0,0
85,7.45,7.77,4,0,5,8,5,44,0,0
97,9.5,9.44,7,1,3,6,0,64,0,0
67,9.92,10.04,9,1,7,6,4,80,0,0
95,8.47,8.79,3,1,3,3,5,81,0,0
113,6.74,7.01,5,0,3,3,2,43,0,0
96,5.18,5.66,3,0,4,2,0,67,0,0
95,6.71,6.78,2,1,1,7,0,92,0,0
84,5.09,4.74,1,0,10,2,2,81,0,0
113,5.23,5.32,4,0,5,10,0,87,0,0
87,7.65,7.84,8,0,10,6,0,67,0,0
110,6.22,6.43,4,1,10,4,0,53,0,0
77,9.62,9.9,6,1,4,10,2,75,1,1
78,6.54,6.94,9,1,0,1,2,85,0,0
84,9.41,9.14,8,0,1,5,5,15,0,0
129,6.2,6.45,2,0,7,3,1,73,0,0
116,6.43,6.06,1,0,5,8,3,11,1,1
99,9.23,9.6,7,0,9,4,3,51,0,0
81,5.05,5.48,8,0,5,9,2,28,0,0
91,5.16,5.23,7,0,4,5,5,66,0,0
103,6.16,6.3,5,1,3,1,2,45,0,0
76,9.68,9.53,8,0,9,4,5,51,0,0
94,7.76,7.34,2,0,6,10,2,74,0,0
101,8.54,8.76,8,1,7,3,4,82,0,0
77,8.23,8.27,9,0,2,7,3,51,0,0
92,5.27,4.97,6,0,8,10,2,56,0,0
109,7.67,7.88,7,0,4,2,0,94,0,0
111,9.98,10.03,9,1,5,8,1,81,1,1
113,7.61,7.6,5,0,4,3,3,95,0,0
109,7.77,8.23,9,0,9,9,3,16,1,1
82,6.26,6.19,6,0,0,10,3,35,0,0
110,5.67,5.35,9,0,7,3,3,80,0,0
103,6.2,5.99,10,0,1,5,0,27,0,0
83,5.4,5.51,10,1,5,7,4,17,0,0
90,7.45,7.58,8,0,6,7,5,64,0,0
119,8.41,8.29,4,0,1,8,0,21,1,1
91,5.7,6.19,2,0,0,6,4,47,0,0
86,5.74,5.48,9,1,5,9,3,72,0,0
100,6.12,6.59,2,1,6,7,1,60,0,0
101,5.36,5.36,3,0,4,3,4,21,0,0
109,8.7,8.77,6,1,5,2,5,93,0,0
91,5.32,5.73,3,1,8,1,1,18,0,0
132,7.41,7.31,9,0,2,8,1,63,0,0
108,5.72,5.78,2,1,8,10,1,23,0,0
81,8.43,8.49,6,1,7,6,4,2,0,0
87,8.64,8.62,10,1,4,2,0,58,0,0
102,6.93,7.03,4,0,8,5,2,49,0,0
95,6.46,6.27,9,1,6,7,4,43,0,0
67,7.13,7.45,4,1,8,10,2,39,0,0
99,8.45,8.42,8,1,1,3,4,69,0,0
91,8.77,8.36,1,0,9,9,5,90,1,1
122,5.47,5.75,6,1,1,6,1,55,0,0
100,5.41,5.77,10,0,8,3,0,86,0,0
96,5.32,5.57,2,1,5,3,5,93,0,0
87,6.95,7.27,3,1,1,2,4,49,0,0
86,5.68,5.8,5,0,0,10,4,53,0,0
89,8.22,7.93,4,0,3,8,5,68,0,0
94,9.78,9.48,1,1,2,10,5,97,1,1
98,7.36,6.88,5,1,5,3,2,54,0,0
115,7.41,7.27,7,1,1,4,2,96,0,0
89,5.35,4.91,8,1,9,6,2,94,0,0
87,7.82,7.66,2,1,5,6,5,80,0,0
66,8.37,8.4,10,1,1,9,0,57,0,0
86,5.37,5.46,1,1,3,10,1,55,0,0
65,7.73,7.37,6,0,1,2,0,21,0,0
116,8.89,8.85,7,1,7,4,3,28,1,1
105,6.41,6.63,3,1,0,4,4,32,0,0
98,8.84,9.02,10,1,9,5,1,44,0,0
108,7.71,7.5,3,0,10,7,5,68,0,0
104,7.56,7.48,9,1,1,1,2,76,0,0
107,8.77,8.8,5,1,0,4,5,75,0,0
94,6.48,6.16,1,0,4,10,1,69,0,0
90,6.12,6.25,3,1,5,5,3,53,0,0
101,7.79,8.19,7,0,4,2,0,82,0,0
94,7.65,7.81,2,1,6,8,1,1,0,0
62,8.94,8.75,7,0,9,5,2,17,0,0
79,8.4,8.86,4,1,5,5,1,31,0,0
73,9.75,10.22,9,0,2,10,0,76,0,0
105,6.74,6.58,2,0,6,9,0,99,0,0
88,7.36,7.51,4,1,7,3,0,38,0,0
103,9.44,9.6,7,0,8,2,2,2,0,0
120,8.04,7.82,1,0,4,5,1,14,0,0
113,8.99,8.5,9,1,7,4,4,28,1,1
139,5.45,5.47,4,1,1,5,1,28,0,0
90,5.48,5.51,2,1,3,5,1,51,0,0
93,7.16,7.31,4,1,6,1,4,31,0,0
98,7.85,7.66,9,0,3,8,4,46,0,0
89,5.8,6.09,1,1,6,7,0,25,0,0
134,5.37,5.82,7,0,1,5,1,21,0,0
105,5.61,5.7,2,0,6,9,1,68,0,0
91,8.64,8.57,2,1,0,7,3,67,0,0
85,8.14,7.76,9,0,6,2,4,11,0,0
94,9.84,9.5,8,0,4,9,2,22,1,1
107,8.99,8.81,4,1,9,3,1,32,0,0
144,7.76,7.83,6,0,1,7,5,2,0,0
94,8.76,8.54,5,1,6,4,5,64,0,0
108,9.79,9.41,6,0,1,2,0,1,0,0
96,5.37,5.56,3,0,10,7,2,84,0,0
115,6.99,7.26,9,0,4,2,2,42,0,0
107,5.3,5.26,1,1,5,9,3,43,0,0
115,9.41,9.52,2,0,1,5,5,26,1,1
95,9.75,9.64,10,1,6,8,2,65,1,1
128,8.22,8.29,4,1,6,10,4,98,1,1
91,7.68,8.08,1,1,4,2,1,77,0,0
118,9.32,9.81,2,1,2,6,3,31,1,1
99,7.45,7.32,1,0,0,5,1,93,0,0
105,9.55,9.96,2,0,9,8,4,62,1,1
123,5.45,5.08,1,1,9,2,0,36,0,0
80,6.96,7.36,5,0,6,8,3,39,0,0
93,6.44,5.98,6,1,3,9,1,44,0,0
89,7.34,7.49,1,1,9,8,1,18,0,0
106,7.45,7.58,4,1,9,6,4,86,0,0
121,5.69,5.7,7,0,6,1,4,36,0,0
115,9.64,10.05,1,0,8,5,4,68,1,1
73,6.78,6.72,7,0,3,1,2,20,0,0
77,8.78,8.89,9,1,2,7,3,46,0,0
68,9.5,9.08,8,1,8,7,2,98,0,0
115,7.74,7.82,10,1,7,3,4,64,0,0
83,8.69,8.32,3,1,2,4,3,35,0,0
104,7.73,7.8,7,0,0,4,2,77,0,0
103,8.06,8.19,4,0,1,2,1,52,0,0
128,8.75,8.46,9,0,10,5,3,69,1,1
104,6.39,6.02,1,0,9,8,3,7,0,0
79,6.77,7.04,3,1,6,7,2,78,0,0
92,6.36,6.18,7,0,4,6,1,97,0,0
80,8.28,8.27,5,0,9,7,1,60,0,0
85,8.09,8.4,1,0,9,7,2,95,0,0
112,8.07,7.8,3,0,9,9,3,48,1,1
108,9.39,8.98,8,0,9,1,3,63,0,0
95,7.62,7.73,5,1,9,3,5,51,0,0
115,7.32,7.07,10,0,5,7,2,36,0,0
95,5.26,5.68,9,1,2,3,3,63,0,0
91,7.28,7.29,7,1,3,10,2,91,0,0
82,7.63,7.42,2,1,2,7,3,87,0,0
87,6.39,6.32,4,0,1,4,2,22,0,0
108,5.16,5.16,2,0,5,5,2,51,0,0
106,6.92,6.81,10,1,8,6,0,72,0,0
96,5.88,5.78,6,0,1,10,2,20,0,0
86,8.72,8.81,2,1,3,10,3,20,1,1
113,7.47,7.49,2,0,7,10,4,15,1,1
108,6.79,6.97,9,1,2,8,4,58,0,0
87,6.53,6.32,1,0,4,8,4,16,0,0
124,6.09,6.32,9,1,2,6,3,1,0,0
93,7.57,7.28,1,0,10,7,2,79,0,0
104,9.88,10.18,2,0,7,4,5,68,0,0
114,7.77,8.22,5,0,10,6,1,86,0,0
99,9.58,9.89,8,0,3,2,1,39,0,0
98,6.83,6.52,10,0,0,9,0,50,0,0
101,6.6,6.7,5,1,4,3,1,32,0,0
106,8.99,8.66,4,0,9,4,0,95,0,0
76,7.92,7.56,7,1,1,8,3,41,0,0
105,5.63,5.7,1,0,7,7,4,64,0,0
87,6.04,5.83,9,0,2,7,4,91,0,0
91,9.67,9.54,6,1,1,9,4,59,1,1
90,9.67,9.92,2,0,0,10,1,22,0,0
114,9.36,9.16,2,0,6,9,4,14,1,1
106,7.27,7.48,7,1,1,6,1,72,0,0
105,8.12,7.97,7,0,9,3,4,22,0,0
79,5.35,5.16,2,0,1,1,3,95,0,0
99,9.17,8.94,6,1,8,1,3,88,0,0
89,7.67,8.0,7,0,8,4,2,7,0,0
106,6.92,6.71,2,0,4,9,4,27,0,0
77,9.7,9.23,1,0,3,8,2,48,1,1
92,6.49,6.98,5,1,0,1,2,38,0,0
93,8.22,8.71,10,0,2,9,0,64,0,0
105,8.34,8.39,5,0,9,6,4,6,0,0
106,7.24,7.15,1,1,8,2,0,66,0,0
93,9.3,9.6,6,0,8,6,3,13,0,0
93,5.2,5.01,2,0,5,4,4,68,0,0
129,9.53,9.23,7,1,10,6,2,13,1,1
96,7.15,7.06,4,0,5,6,1,14,0,0
135,8.85,8.96,5,0,6,9,4,44,1,1
94,9.78,9.66,3,0,3,3,0,34,0,0
136,6.31,6.73,8,0,8,10,0,24,0,0
83,7.15,6.79,10,1,4,8,0,11,0,0
112,6.15,5.77,10,0,4,2,0,12,0,0
114,8.61,8.12,3,0,0,6,1,82,0,0
109,5.78,6.01,5,0,8,4,0,5,0,0
82,7.29,6.9,2,0,4,1,0,77,0,0
95,5.17,5.25,9,0,5,8,1,55,0,0
102,7.96,8.43,3,0,10,2,0,56,0,0
102,6.18,5.92,7,0,5,8,3,5,0,0
86,6.14,6.49,8,0,4,7,3,7,0,0
122,8.87,8.43,6,0,1,5,4,12,1,1
112,5.71,5.44,10,0,6,3,2,20,0,0
118,8.7,8.33,6,0,1,3,3,36,1,1
94,7.1,7.48,7,0,0,4,5,73,0,0
106,8.51,8.44,2,0,0,2,1,57,0,0
110,7.09,7.45,8,0,1,4,1,22,0,0
112,5.72,5.27,5,0,0,5,0,10,0,0
96,9.86,9.72,8,0,5,3,2,97,0,0
115,7.16,6.97,4,0,5,7,2,89,0,0
89,5.73,5.39,2,1,5,7,1,30,0,0
83,6.24,6.26,10,1,4,1,2,16,0,0
104,6.98,7.42,7,0,5,3,0,38,0,0
81,5.64,5.87,10,0,10,7,1,55,0,0
98,8.47,8.13,2,0,10,10,1,50,0,0
77,6.72,6.98,8,1,1,6,1,49,0,0
103,8.12,8.54,9,1,6,4,3,27,0,0
121,8.51,8.72,2,1,8,7,3,82,1,1
110,9.68,9.68,5,1,9,5,4,55,0,0
106,8.66,8.39,8,0,9,6,2,55,0,0
88,6.81,6.88,9,0,7,1,0,45,0,0
106,7.72,8.11,8,1,1,9,2,40,1,1
68,7.55,7.29,1,0,7,10,5,46,0,0
118,6.68,7.02,9,0,9,3,2,10,0,0
82,6.71,6.58,9,0,7,7,1,48,0,0
75,7.59,7.21,6,0,1,2,3,93,0,0
80,7.29,7.49,9,0,3,1,3,68,0,0
118,6.96,7.0,4,1,9,9,3,46,1,1
88,7.11,6.66,1,0,1,10,4,42,0,0
83,6.96,7.28,1,0,10,8,1,94,0,0
93,8.91,9.14,7,1,1,10,2,40,1,1
92,6.77,6.85,8,0,9,8,5,54,0,0
100,5.55,5.19,7,0,9,4,2,61,0,0
96,7.21,7.01,10,1,9,4,1,2,0,0
113,7.12,7.05,10,0,5,4,4,92,0,0
95,6.12,5.9,9,0,3,10,0,88,0,0
89,5.7,6.11,8,0,9,7,5,38,0,0
118,9.17,8.91,7,0,1,1,0,94,0,0
93,5.79,5.79,8,0,2,7,3,74,0,0
93,6.33,6.75,1,0,3,5,2,32,0,0
100,9.53,9.89,7,1,10,7,5,6,0,0
87,9.24,9.65,4,1,4,7,3,29,0,0
87,9.74,9.28,5,0,0,6,4,92,0,0
109,5.86,5.98,4,0,2,4,0,44,0,0
122,7.9,7.62,3,0,10,4,5,98,0,0
99,7.71,7.5,9,0,4,7,1,83,0,0
115,5.46,5.69,4,1,2,9,4,79,1,1
97,7.99,7.84,2,0,3,5,2,80,0,0
86,7.03,7.26,6,1,7,5,4,8,0,0
109,8.61,8.53,8,0,9,3,5,69,0,0
102,7.17,7.3,2,1,6,8,4,71,0,0
99,6.52,6.77,3,1,2,2,0,84,0,0
114,7.96,7.62,3,1,7,7,4,55,0,0
107,8.04,8.23,5,0,5,2,3,75,0,0
111,7.97,8.16,4,0,4,5,3,17,1,1
118,8.82,8.73,10,1,0,2,3,21,1,1
94,9.92,10.35,1,1,6,2,0,42,0,0
67,9.73,9.91,5,0,3,5,4,46,0,0
138,5.08,4.92,9,1,8,4,1,50,0,0
106,7.21,7.64,5,1,3,7,0,31,0,0
95,9.26,9.05,3,1,4,6,4,42,0,0
102,8.86,8.59,3,1,1,10,5,38,1,1
88,9.61,9.37,8,1,2,2,1,9,0,0
76,6.33,6.01,3,0,10,9,2,11,0,0
124,9.95,9.59,5,1,7,4,4,9,1,1
111,7.62,7.58,10,0,8,8,4,32,1,1
105,8.22,8.39,5,0,5,6,1,8,0,0
94,7.6,7.15,3,0,8,3,2,87,0,0
102,8.26,7.79,4,0,7,2,5,31,0,0
111,9.68,9.2,9,0,4,3,1,19,0,0
108,7.49,7.37,8,1,3,5,5,75,0,0
102,5.99,5.83,10,0,1,7,4,68,0,0
84,6.8,6.31,3,1,7,6,5,38,0,0
110,9.49,9.22,7,0,6,9,0,78,0,0
78,8.96,9.44,9,0,5,3,1,81,0,0
119,9.3,9.61,4,0,9,9,4,26,1,1
107,5.1,5.21,2,0,5,1,2,35,0,0
88,6.49,6.41,5,0,10,7,5,89,0,0
103,7.76,7.95,6,0,7,5,4,35,0,0
74,6.08,6.47,10,1,4,2,1,80,0,0
78,7.16,6.85,3,0,2,5,4,79,0,0
93,6.33,6.38,4,1,8,5,2,72,0,0
92,5.98,6.18,1,1,6,7,4,62,0,0
102,9.92,10.19,6,1,4,2,1,23,0,0
120,5.25,5.56,1,1,6,1,3,5,0,0
94,5.58,5.49,9,1,4,3,3,28,0,0
83,8.05,8.34,5,0,0,2,4,65,0,0
108,9.46,9.81,4,0,2,8,1,32,0,0
99,6.14,5.93,5,0,3,6,2,93,0,0
112,6.15,5.91,1,0,5,10,4,45,1,1
86,6.72,6.23,5,0,10,7,1,22,0,0
106,6.46,6.21,9,1,6,1,3,5,0,0
97,7.08,7.24,8,0,4,5,2,39,0,0
108,9.58,9.27,7,0,8,3,4,71,0,0
116,8.57,8.25,6,0,9,3,3,28,1,1
119,7.98,8.28,5,0,7,5,5,51,1,1
93,7.79,7.42,6,0,7,10,2,85,0,0
116,6.91,7.07,10,0,0,2,3,53,0,0
78,9.91,10.33,3,0,1,3,3,69,0,0
123,6.39,6.06,1,0,0,8,2,83,1,1
84,6.12,6.61,8,0,5,3,0,72,0,0
88,8.4,8.47,4,0,5,6,4,28,0,0
79,6.21,6.47,7,0,8,1,3,62,0,0
89,5.73,6.02,3,0,9,10,4,29,0,0
119,5.62,5.6,1,0,10,1,4,77,0,0
113,8.15,8.04,6,0,8,6,4,69,1,1
103,7.43,7.52,7,1,8,7,0,55,0,0
123,9.2,9.09,5,0,1,9,5,68,1,1
93,7.32,7.25,5,0,0,2,0,77,0,0
94,8.31,8.72,10,0,5,8,4,43,1,1
85,7.94,8.18,9,0,1,7,3,9,0,0
115,5.67,5.55,4,1,2,8,4,27,1,1
98,8.61,9.09,2,1,8,4,4,14,0,0
66,7.43,7.89,4,0,3,9,4,18,0,0
100,6.84,7.33,1,0,4,6,5,15,0,0
66,8.17,8.64,6,0,0,3,2,88,0,0
88,9.82,10.25,10,1,10,10,5,46,1,1
104,8.21,8.57,6,0,3,10,3,65,1,1
114,7.2,6.91,2,1,10,2,2,13,0,0
95,7.14,7.4,7,1,1,4,0,61,0,0
95,5.96,6.08,9,0,9,2,2,91,0,0
102,8.86,9.07,9,0,1,6,0,1,0,0
117,8.11,8.23,1,1,3,9,4,12,1,1
106,6.19,6.19,6,0,10,9,0,67,0,0
98,6.25,6.61,6,0,0,7,2,24,0,0
93,8.23,7.75,10,0,8,10,5,87,0,0
88,8.29,8.01,8,1,4,10,2,85,1,1
96,7.28,7.54,7,0,8,3,1,59,0,0
96,5.26,5.32,7,0,5,8,0,15,0,0
103,9.16,8.97,2,1,10,3,0,27,0,0
101,9.0,9.41,5,0,10,3,4,55,0,0
95,9.84,9.98,8,0,0,1,3,72,0,0
78,8.23,8.28,8,1,8,5,0,1,0,0
86,8.73,8.27,6,1,6,7,0,51,0,0
99,5.82,5.89,5,0,10,10,2,80,0,0
85,5.5,5.14,2,0,6,9,1,45,0,0
114,8.42,8.7,7,1,9,6,5,28,1,1
101,8.05,8.19,6,0,10,3,0,82,0,0
116,8.46,8.93,9,1,6,4,3,79,1,1
107,8.2,8.62,4,1,3,6,1,35,0,0
134,7.34,7.82,10,0,9,6,3,37,0,0
108,5.11,5.09,6,0,9,9,5,9,0,0
106,5.8,6.1,3,1,8,4,5,50,0,0
94,7.8,7.33,2,0,10,2,3,12,0,0
113,7.47,7.27,7,1,3,1,5,82,0,0
75,8.99,8.49,6,1,1,7,0,98,0,0
91,5.74,5.63,1,0,10,6,4,99,0,0
108,5.4,5.69,3,0,9,6,0,84,0,0
87,5.18,5.66,10,0,2,4,4,98,0,0
105,5.35,5.76,1,0,3,10,5,27,0,0
92,5.13,5.5,7,0,6,9,1,100,0,0
87,9.64,10.06,3,0,0,1,2,99,0,0
111,8.56,8.97,4,0,8,6,2,24,1,1
83,8.6,8.86,1,0,10,9,2,66,1,1
121,6.08,6.52,6,0,9,6,5,39,0,0
97,7.12,7.53,4,0,1,7,2,52,0,0
89,7.25,7.48,9,0,6,4,5,57,0,0
89,6.38,6.46,1,0,6,6,1,32,0,0
96,5.38,5.3,7,0,0,8,2,4,0,0
102,8.13,8.2,9,1,4,8,0,69,0,0
96,7.31,7.18,9,1,2,10,5,26,0,0
112,5.24,5.26,3,0,6,4,5,90,0,0
104,6.78,6.75,4,1,5,9,5,71,0,0
93,9.22,9.63,1,1,9,10,1,83,0,0
99,7.93,7.57,5,0,1,7,0,9,0,0
89,6.09,5.95,8,0,9,4,0,23,0,0
93,6.62,6.4,5,1,8,9,0,46,0,0
106,9.74,9.66,10,0,0,10,3,83,1,1
99,8.18,7.69,9,0,0,3,2,78,0,0
99,5.61,5.92,4,1,3,6,3,53,0,0
118,9.98,10.1,7,1,5,3,1,29,0,0
90,5.62,5.56,6,1,1,7,0,25,0,0
103,7.12,7.08,3,0,0,7,3,51,0,0
101,7.69,7.38,7,0,2,7,2,40,0,0
97,9.66,9.77,8,0,0,10,3,56,1,1
104,7.26,7.31,5,1,7,2,3,62,0,0
94,7.12,6.81,6,1,6,6,1,28,0,0
104,7.14,6.65,1,1,6,8,1,45,0,0
106,6.12,6.09,7,1,1,10,5,52,0,0
100,7.76,7.47,7,1,2,1,4,71,0,0
94,9.49,9.08,2,0,3,9,2,28,1,1
114,7.83,7.71,1,1,1,3,2,52,0,0
107,6.31,6.29,7,1,7,3,0,67,0,0
102,7.03,6.83,7,1,2,2,2,89,0,0
92,8.95,9.27,3,1,6,10,4,94,1,1
93,5.35,4.93,1,0,7,9,3,23,0,0
108,9.01,8.72,7,0,7,1,1,66,0,0
120,5.92,5.88,2,0,10,10,5,20,1,1
95,6.02,5.6,3,1,6,1,1,94,0,0
108,9.4,9.39,7,0,5,6,3,27,0,0
99,6.15,6.25,7,1,4,6,4,4,0,0
105,8.24,7.75,7,0,10,9,1,31,0,0
88,9.84,10.01,1,1,6,5,3,2,0,0
93,6.26,6.67,8,1,8,3,2,6,0,0
97,8.01,7.81,3,1,5,4,1,32,0,0
97,9.49,9.15,5,1,6,9,4,23,1,1
118,7.59,7.62,1,1,0,7,5,95,0,0
99,7.87,7.42,7,1,3,8,0,38,0,0
107,9.35,9.65,3,1,0,1,3,86,0,0
108,7.01,7.27,3,0,6,4,1,58,0,0
100,5.21,5.19,1,1,3,6,2,54,0,0
88,5.0,4.69,3,0,0,2,0,4,0,0
109,7.2,6.89,2,0,7,1,2,93,0,0
97,9.6,9.31,6,1,4,10,0,47,0,0
110,6.48,6.2,3,0,0,1,4,78,0,0
86,6.53,6.81,7,1,8,7,5,35,0,0
116,5.79,5.82,4,1,4,8,0,78,0,0
125,8.66,8.39,6,0,2,6,0,30,0,0
104,6.83,6.74,10,1,10,1,5,88,0,0
78,9.58,10.01,8,0,9,8,2,7,1,1
130,8.42,8.37,9,1,2,4,0,40,0,0
102,6.85,6.88,4,1,3,1,4,39,0,0
94,6.79,6.36,2,1,8,1,2,39,0,0
97,7.61,8.05,6,1,4,2,0,68,0,0
77,5.61,5.25,1,0,3,10,1,28,0,0
104,7.94,7.5,2,0,10,3,2,9,0,0
74,8.84,8.85,8,0,5,8,0,31,0,0
107,7.73,8.15,2,1,7,5,0,34,0,0
102,8.67,8.28,1,0,5,6,2,15,0,0
101,7.62,7.3,1,1,0,5,2,28,0,0
90,8.12,7.72,6,0,1,1,2,24,0,0
103,7.99,7.98,9,0,7,10,5,13,0,0
110,8.6,8.48,5,0,5,3,4,20,0,0
103,9.22,8.72,4,1,3,10,0,48,0,0
105,7.56,7.97,9,0,10,7,5,95,0,0
107,6.61,6.76,9,0,4,4,0,20,0,0
94,7.0,6.78,3,0,2,6,5,67,0,0
96,5.44,5.77,5,0,0,4,1,64,0,0
92,8.87,9.09,4,1,1,4,3,54,0,0
107,9.4,9.02,6,1,6,6,0,84,0,0
104,7.01,6.92,1,1,3,6,0,4,0,0
101,7.27,7.51,6,0,10,4,1,7,0,0
90,7.83,7.57,4,1,2,3,5,36,0,0
103,7.34,7.28,8,1,9,2,1,85,0,0
94,9.52,9.63,4,1,4,7,1,69,0,0
123,6.15,6.58,7,1,1,10,3,53,1,1
79,8.71,8.47,1,0,6,10,4,75,1,1
93,8.98,8.7,2,1,10,9,4,67,1,1
112,6.5,6.09,10,1,4,10,5,87,1,1
95,7.63,7.81,9,1,1,4,0,34,0,0
114,9.21,9.55,2,0,3,8,5,86,1,1
78,7.38,7.58,5,0,1,4,4,99,0,0
115,7.34,6.87,5,1,3,1,2,20,0,0
90,6.92,6.73,4,0,1,8,0,60,0,0
63,5.51,5.21,3,1,0,4,0,22,0,0
118,7.46,7.39,8,0,0,6,4,73,0,0
129,8.52,8.55,8,1,9,10,5,7,1,1
94,8.17,7.79,6,0,3,6,3,18,0,0
90,9.22,8.87,2,0,2,2,0,59,0,0
124,8.7,8.33,3,0,1,3,3,32,1,1
91,9.22,8.84,9,1,9,8,3,20,1,1
108,5.91,5.75,9,0,1,10,1,82,0,0
77,6.97,6.51,8,1,0,9,4,24,0,0
83,5.88,5.68,10,1,5,2,0,56,0,0
114,5.01,4.83,5,0,2,5,0,85,0,0
106,7.09,7.11,4,0,7,5,1,49,0,0
118,5.42,5.58,7,0,4,7,0,68,0,0
104,9.93,10.38,1,0,7,2,3,88,0,0
81,9.44,9.28,8,0,7,2,5,51,0,0
91,5.42,5.77,3,1,2,5,3,3,0,0
108,8.42,8.03,7,0,7,3,2,49,0,0
98,7.89,7.78,7,0,6,10,0,10,0,0
119,9.91,10.13,2,0,4,9,2,31,1,1
100,7.23,7.7,8,0,0,4,5,100,0,0
99,9.08,8.64,6,0,3,8,0,6,0,0
94,7.56,7.72,7,0,1,9,3,3,0,0
119,9.45,9.34,10,0,0,6,1,19,0,0
92,5.09,4.6,8,0,4,3,2,50,0,0
121,6.63,6.34,9,0,4,6,2,29,0,0
112,8.96,8.95,2,0,3,1,2,65,1,1
109,8.14,7.92,6,1,1,2,5,19,0,0
110,6.93,7.07,7,0,3,6,1,90,0,0
106,5.31,5.15,3,0,10,1,4,10,0,0
98,9.41,9.41,5,1,9,3,1,38,0,0
81,7.06,7.23,5,1,3,2,3,23,0,0
78,6.23,6.15,3,0,4,5,1,93,0,0
103,7.4,7.62,3,1,5,3,0,87,0,0
108,5.38,5.82,4,0,1,1,3,12,0,0
111,6.92,6.56,10,1,3,5,4,5,0,0
60,9.28,9.19,10,0,5,1,2,88,0,0
106,7.95,8.4,9,1,4,3,5,27,0,0
122,9.01,8.77,2,1,1,2,2,15,1,1
90,9.09,9.47,1,0,10,7,1,23,0,0
109,7.98,8.43,2,1,1,4,2,50,0,0
91,6.06,6.54,1,0,4,8,3,45,0,0
95,5.6,6.09,4,1,6,4,5,22,0,0
110,9.8,9.89,2,0,2,9,3,84,1,1
103,9.1,9.02,4,0,1,10,4,53,1,1
78,7.07,7.2,6,0,5,6,0,72,0,0
101,7.38,7.38,1,0,1,8,2,74,0,0
100,9.51,9.18,1,1,2,6,1,91,0,0
97,5.09,5.39,5,0,3,5,3,90,0,0
83,5.76,6.21,5,1,9,8,3,52,0,0
116,7.41,7.12,10,0,6,8,1,96,0,0
104,9.01,8.98,2,0,7,4,3,70,0,0
106,8.49,8.77,10,0,5,7,2,68,0,0
79,5.94,5.62,5,0,10,4,4,92,0,0
107,9.95,9.58,10,0,6,4,3,66,0,0
94,5.55,5.16,7,1,8,1,5,70,0,0
112,8.78,9.0,6,1,7,2,1,20,0,0
84,9.15,9.42,2,1,8,6,2,41,0,0
113,6.15,5.75,9,0,2,4,4,62,0,0
119,7.23,7.5,10,0,10,2,2,41,0,0
97,5.45,5.65,6,0,8,5,4,97,0,0
99,7.34,7.66,3,1,9,10,5,39,0,0
112,9.88,9.88,6,1,5,4,2,90,1,1
113,9.49,9.43,2,1,1,5,1,66,0,0
96,8.83,8.9,10,1,10,5,3,79,0,0
103,9.14,9.19,1,1,3,3,1,7,0,0
102,6.99,7.11,9,0,9,5,3,25,0,0
114,8.69,8.91,1,0,0,2,0,98,0,0
112,8.58,8.18,7,0,7,9,4,70,1,1
102,7.96,7.62,2,1,9,8,0,44,0,0
87,7.71,7.37,10,0,1,1,3,78,0,0
122,6.22,5.81,3,0,1,6,0,85,0,0
101,5.05,5.07,5,1,10,9,2,32,0,0
110,8.67,8.25,8,0,0,8,4,99,1,1
92,5.25,5.62,9,1,4,2,4,30,0,0
117,7.33,7.78,7,1,6,1,1,55,0,0
126,6.3,6.34,9,1,5,9,3,87,1,1
124,6.68,6.58,6,1,3,5,0,7,0,0
99,7.75,7.42,3,0,9,6,5,41,0,0
110,7.57,8.0,10,0,8,5,5,67,0,0
57,9.66,9.37,9,1,0,5,2,13,0,0
118,5.78,5.45,3,1,6,2,4,12,0,0
105,5.15,5.62,7,0,8,3,3,28,0,0
75,6.91,7.0,6,0,3,6,3,5,0,0
124,9.74,9.85,8,1,4,9,4,67,1,1
106,5.06,5.26,1,0,6,6,0,26,0,0
115,9.34,9.39,1,0,4,2,5,22,1,1
92,5.33,5.01,9,0,3,4,4,87,0,0
103,7.74,7.57,4,0,8,3,2,72,0,0
81,9.8,9.47,3,0,4,9,0,1,0,0
97,8.55,8.2,2,0,2,8,4,10,1,1
91,9.09,8.99,4,0,6,2,4,6,0,0
107,6.65,6.16,8,0,1,1,4,19,0,0
119,7.82,7.65,6,1,10,4,2,96,0,0
107,7.26,6.78,9,0,0,7,4,60,0,0
96,5.27,5.06,9,1,8,10,2,96,0,0
114,7.8,8.2,6,1,9,6,5,87,1,1
98,9.09,8.69,3,0,3,10,0,26,0,0
101,8.67,8.48,1,0,3,3,5,23,0,0
100,7.46,7.5,8,0,5,6,0,93,0,0
111,5.84,6.13,1,1,8,3,5,64,0,0
127,9.48,9.12,1,0,7,8,0,84,1,1
85,9.16,9.1,7,1,5,5,5,72,0,0
92,9.58,9.12,1,0,2,5,1,99,0,0
102,6.29,6.02,7,1,0,9,4,68,0,0
104,6.08,5.63,10,0,9,7,1,2,0,0
107,8.5,8.6,2,0,9,7,2,100,0,0
130,8.66,8.55,7,0,1,10,5,27,1,1
118,5.25,5.31,5,0,4,6,5,6,0,0
56,6.18,6.24,8,1,6,3,5,24,0,0
110,6.03,5.65,7,0,2,9,5,52,0,0
102,7.1,6.9,7,0,9,5,1,9,0,0
92,6.59,6.16,2,0,5,9,2,9,0,0
107,9.4,9.31,5,0,1,9,5,40,1,1
101,6.26,6.24,6,0,3,2,3,37,0,0
104,9.99,10.14,9,1,1,1,3,38,0,0
83,7.62,8.11,3,0,2,6,3,52,0,0
87,9.49,9.47,3,1,0,2,5,57,0,0
109,8.97,8.76,1,1,9,2,0,99,0,0
90,8.48,8.75,4,0,3,5,3,3,0,0
100,8.87,8.94,10,0,3,10,0,76,0,0
88,8.87,8.87,7,0,1,8,2,81,1,1
103,6.23,6.57,8,1,9,5,2,40,0,0
101,9.84,10.07,3,0,5,9,3,63,1,1
88,5.35,5.05,9,1,7,9,0,44,0,0
93,7.51,7.91,9,0,0,1,0,20,0,0
121,5.78,5.38,7,1,2,4,5,76,0,0
116,6.97,7.39,6,0,10,10,4,63,1,1
93,9.45,9.14,10,1,3,3,3,89,0,0
111,8.37,8.03,6,0,4,9,0,33,1,1
140,7.11,7.47,10,0,7,10,1,28,0,0
94,6.35,6.8,3,0,3,5,1,78,0,0
100,8.75,8.65,3,1,0,2,5,78,0,0
110,6.94,6.57,5,1,7,2,2,35,0,0
87,9.42,9.71,2,0,0,2,3,78,0,0
95,5.56,6.04,9,0,9,7,1,77,0,0
88,5.82,5.83,10,1,9,10,3,3,0,0
76,9.7,9.96,6,1,4,10,3,8,1,1
102,5.4,5.49,2,0,5,3,1,26,0,0
81,9.09,9.29,7,0,7,3,2,95,0,0
97,9.87,9.47,5,0,8,8,2,57,1,1
116,8.93,8.79,9,0,2,4,5,76,1,1
102,7.17,7.43,10,0,2,7,4,70,0,0
115,7.98,8.1,7,0,8,3,3,23,1,1
110,8.71,9.02,5,0,10,1,2,48,0,0
100,8.59,8.81,7,0,9,6,1,49,0,0
93,5.62,5.36,8,1,5,10,0,80,0,0
82,8.94,8.66,3,0,7,8,2,69,1,1
106,5.89,5.57,8,1,1,3,2,87,0,0
117,6.76,7.21,4,1,9,9,5,97,1,1
113,6.29,6.6,6,0,6,7,1,77,0,0
90,6.61,6.37,2,1,1,2,0,35,0,0
73,5.64,5.28,3,0,0,9,0,20,0,0
117,7.44,7.68,7,1,5,9,2,29,1,1
84,5.61,5.25,4,0,9,3,5,73,0,0
124,6.26,5.86,10,1,4,10,4,76,1,1
105,5.08,5.28,2,0,4,2,5,39,0,0
120,8.26,8.58,8,1,3,3,4,30,1,1
101,7.41,6.93,9,0,3,3,0,8,0,0
96,6.77,7.07,3,0,0,3,1,28,0,0
115,9.41,8.97,9,0,5,2,2,45,1,1
102,8.27,8.51,8,1,9,2,2,100,0,0
98,5.28,5.53,1,0,2,3,0,100,0,0
105,5.39,5.28,2,0,10,3,4,30,0,0
99,6.91,6.44,5,0,7,10,3,73,0,0
96,6.64,6.45,1,0,1,5,0,29,0,0
114,5.75,6.2,7,0,2,2,4,62,0,0
90,7.33,7.42,6,0,2,1,4,36,0,0
91,6.19,6.09,5,1,1,10,2,3,0,0
102,8.2,8.57,3,1,8,10,5,44,1,1
109,6.07,6.22,10,0,7,8,4,82,0,0
87,9.75,9.79,10,1,6,8,2,5,1,1
96,9.35,9.8,5,0,5,3,4,54,0,0
108,6.34,6.26,5,0,7,1,5,73,0,0
92,6.42,6.21,7,0,4,4,0,72,0,0
103,5.22,5.2,2,0,7,6,5,82,0,0
71,7.94,7.56,5,1,3,4,3,48,0,0
112,5.02,5.0,8,0,0,6,0,94,0,0
112,6.19,6.02,1,0,2,3,5,54,0,0
87,6.45,6.36,4,1,10,1,4,6,0,0
85,6.43,6.09,10,0,2,5,4,9,0,0
100,8.16,8.36,6,1,6,3,2,31,0,0
113,7.73,7.59,6,0,0,7,3,67,0,0
84,8.52,8.93,7,0,3,1,4,71,0,0
95,9.55,9.42,9,0,9,6,3,65,0,0
67,8.34,8.61,1,0,4,2,4,86,0,0
125,9.85,10.12,10,0,4,9,1,88,1,1
80,5.69,5.98,5,1,2,3,4,54,0,0
113,8.95,8.56,10,1,9,8,0,67,1,1
109,9.25,9.04,1,0,3,4,3,89,0,0
115,6.61,6.43,4,0,3,10,4,94,1,1
131,7.1,7.43,8,0,1,7,3,51,0,0
86,9.47,9.26,10,1,8,6,4,93,0,0
106,6.46,6.56,3,1,10,8,5,61,0,0
98,8.05,8.1,5,0,5,1,1,13,0,0
91,8.52,8.54,9,0,9,6,5,46,0,0
87,7.22,7.7,3,0,0,5,1,80,0,0
118,7.82,7.88,4,0,1,1,5,79,0,0
106,7.54,7.96,5,0,8,3,3,56,0,0
80,5.3,5.48,10,1,10,4,4,51,0,0
92,7.16,6.66,5,0,5,8,1,97,0,0
118,8.78,8.84,10,0,0,10,0,36,1,1
93,9.66,9.73,9,1,0,3,0,57,0,0
102,9.73,9.75,6,0,1,8,5,47,1,1
92,7.57,7.44,4,1,6,7,1,77,0,0
88,8.33,8.43,10,1,6,3,3,98,0,0
97,5.75,5.64,5,1,8,2,5,83,0,0
90,6.81,6.89,4,0,5,4,2,82,0,0
73,8.63,8.41,10,1,2,5,1,55,0,0
98,8.22,7.79,6,1,4,5,0,64,0,0
106,9.95,9.7,2,0,4,5,2,42,0,0
116,5.01,4.66,9,0,4,6,1,68,0,0
117,7.73,7.62,3,0,9,6,4,3,0,0
84,6.34,6.78,8,0,1,1,2,23,0,0
91,7.59,8.02,8,0,5,2,1,4,0,0
128,8.52,8.68,3,0,8,3,1,18,0,0
85,5.83,5.45,9,0,0,9,1,94,0,0
104,9.01,9.32,7,1,10,9,1,86,0,0
118,5.45,5.77,4,0,8,10,5,12,1,1
110,9.51,9.06,7,0,7,7,0,79,0,0
113,5.7,6.14,9,1,5,9,2,72,1,1
96,9.61,9.27,2,1,4,7,3,21,0,0
102,7.12,6.72,5,0,9,4,0,23,0,0
105,9.52,9.26,1,1,5,6,0,71,0,0
100,9.17,9.19,8,1,1,3,2,1,0,0
99,9.69,9.28,9,0,7,8,5,42,1,1
62,8.23,8.21,4,1,2,5,0,25,0,0
94,6.96,7.13,3,1,9,6,5,85,0,0
123,9.58,9.08,6,1,5,3,5,46,1,1
87,6.67,6.73,10,0,2,8,0,56,0,0
96,7.27,7.28,10,0,4,6,4,14,0,0
102,8.39,7.92,10,0,7,4,0,80,0,0
87,6.63,6.34,4,0,0,3,5,61,0,0
97,9.93,10.4,3,0,10,6,5,67,0,0
85,8.56,8.94,10,0,0,3,0,49,0,0
79,7.88,7.9,4,1,3,2,4,98,0,0
71,7.08,6.91,8,0,8,8,3,75,0,0
118,8.18,7.89,9,1,8,4,3,1,0,0
108,6.04,6.54,4,0,5,1,2,8,0,0
77,5.93,6.24,2,0,7,4,4,75,0,0
102,5.26,4.88,9,0,2,9,4,91,0,0
107,5.12,5.22,6,1,1,10,1,50,0,0
98,6.66,6.69,8,1,2,8,4,65,0,0
108,6.42,6.15,5,0,8,9,5,79,0,0
90,7.31,7.77,3,1,8,2,0,14,0,0
91,6.87,6.96,8,0,10,3,4,78,0,0
115,8.73,9.06,4,0,7,3,5,58,1,1
96,7.1,7.17,10,0,9,10,1,46,0,0
83,8.33,8.65,1,1,0,9,2,8,1,1
111,6.58,6.12,1,0,0,5,4,34,0,0
110,5.02,5.27,4,1,2,6,0,85,0,0
100,9.44,9.59,9,0,8,6,3,82,0,0
59,9.85,10.29,2,0,10,9,4,58,1,1
78,8.02,7.82,6,1,4,3,2,2,0,0
88,5.31,5.73,1,1,3,8,2,5,0,0
87,7.51,7.95,3,0,10,5,2,17,0,0
91,6.98,6.54,7,0,5,8,2,65,0,0
106,5.26,4.94,8,0,5,10,0,20,0,0
114,6.63,6.76,7,0,10,6,5,6,0,0
91,9.66,10.06,7,0,10,10,0,20,0,0
85,5.94,5.99,10,1,9,10,5,86,0,0
94,8.5,8.22,5,0,7,10,4,29,1,1
106,5.26,4.98,1,0,0,2,0,23,0,0
84,8.46,8.24,10,1,5,4,5,39,0,0
108,9.95,9.85,4,1,3,8,5,14,1,1
76,6.04,6.35,6,1,8,3,1,90,0,0
93,7.34,6.99,2,1,5,9,0,12,0,0
105,7.77,7.71,2,1,6,7,0,88,0,0
103,8.74,8.42,2,1,10,3,1,61,0,0
90,8.47,8.74,7,0,1,7,5,15,0,0
95,6.61,6.61,1,0,7,8,4,4,0,0
114,5.42,4.99,3,1,4,9,0,4,0,0
114,7.47,7.53,3,0,2,8,1,95,0,0
106,5.75,6.24,9,1,6,5,5,44,0,0
105,8.14,7.79,3,0,2,5,1,92,0,0
123,7.79,8.07,5,0,1,5,4,35,1,1
82,8.87,9.04,2,1,9,8,2,59,1,1
116,5.99,6.39,6,0,2,9,5,19,1,1
97,7.28,7.71,7,0,0,6,5,23,0,0
88,9.1,9.57,7,1,4,10,2,16,1,1
101,5.4,5.09,2,1,6,4,4,32,0,0
87,7.43,7.89,10,1,8,7,0,24,0,0
101,6.09,6.31,1,1,10,5,4,54,0,0
89,8.91,9.25,2,0,0,4,3,49,0,0
87,9.13,8.8,5,1,6,3,3,63,0,0
94,5.5,5.29,7,0,8,9,5,78,0,0
89,5.67,5.84,4,0,6,8,0,57,0,0
103,6.31,6.4,8,1,7,5,2,17,0,0
65,6.96,6.97,1,1,7,9,5,23,0,0
107,7.61,7.56,2,0,7,6,4,86,0,0
108,8.3,8.78,7,0,0,5,1,56,0,0
92,6.74,6.55,3,0,2,1,4,73,0,0
95,7.96,8.36,3,1,6,4,0,67,0,0
92,5.84,5.99,7,1,4,4,5,26,0,0
130,9.85,9.39,9,0,6,6,3,75,1,1
89,9.24,9.52,10,0,3,10,3,71,1,1
109,9.99,10.01,2,0,10,4,5,17,0,0
119,9.88,9.82,8,0,1,4,5,36,1,1
112,6.64,7.06,4,1,2,7,3,55,0,0
90,7.09,6.82,6,1,7,2,2,69,0,0
93,6.02,5.75,1,0,10,10,3,34,0,0
73,8.04,7.64,7,1,3,3,2,33,0,0
68,6.17,6.09,10,0,1,5,4,59,0,0
94,5.72,5.6,9,1,5,10,4,61,0,0
124,9.22,9.03,3,0,5,9,3,5,1,1
94,5.16,5.14,2,0,6,2,0,98,0,0
94,9.11,9.31,3,0,6,6,4,22,0,0
129,5.08,4.8,2,1,2,5,3,53,0,0
89,8.35,8.06,1,1,7,10,5,95,1,1
103,5.63,5.77,1,0,0,5,0,43,0,0
90,7.64,7.93,4,0,3,3,3,58,0,0
96,6.6,6.32,7,1,10,5,1,73,0,0
98,5.06,4.59,8,0,3,3,0,90,0,0
112,9.12,8.87,5,0,8,7,2,91,1,1
81,9.02,9.39,7,1,10,5,4,45,0,0
112,5.22,5.71,6,0,8,4,0,26,0,0
99,9.92,10.28,6,0,10,9,5,51,1,1
83,5.49,5.78,2,0,8,3,0,5,0,0
60,6.86,6.4,7,0,8,10,4,31,0,0
94,7.52,7.56,7,0,3,10,5,78,0,0
77,5.23,5.5,3,1,5,3,4,12,0,0
119,6.98,6.8,9,0,0,4,4,89,0,0
125,6.8,7.25,5,0,3,9,0,23,0,0
86,5.29,5.29,9,1,6,1,4,53,0,0
102,8.3,8.79,5,1,5,7,5,66,0,0
115,7.7,8.05,10,1,6,10,0,26,1,1
84,9.37,9.15,2,0,10,8,0,16,0,0
83,8.58,8.27,3,0,2,8,1,34,0,0
86,9.18,8.72,6,1,5,6,1,11,0,0
99,8.79,8.37,5,1,10,10,0,39,0,0
83,9.7,9.73,4,1,10,8,2,64,1,1
93,5.58,5.56,9,1,5,4,0,39,0,0
116,5.01,4.94,8,0,3,8,1,5,0,0
73,6.67,7.0,2,0,3,7,5,16,0,0
105,9.91,9.7,7,0,7,1,3,90,0,0
81,7.37,7.8,2,1,7,6,3,78,0,0
86,6.6,6.59,2,1,0,1,1,47,0,0
74,9.53,9.39,4,1,8,6,1,95,0,0
79,7.2,7.29,10,0,9,9,5,64,0,0
97,7.62,7.61,2,0,10,8,1,21,0,0
88,8.33,8.72,4,0,8,9,1,20,0,0
77,9.63,9.46,9,0,3,7,4,16,0,0
105,5.07,5.2,7,1,0,10,2,71,0,0
110,9.04,9.01,1,0,3,9,2,1,1,1
109,5.05,4.94,5,1,9,3,4,92,0,0
118,6.63,6.98,7,0,5,6,1,83,0,0
72,7.88,7.92,5,1,9,4,4,91,0,0
95,6.04,6.22,7,0,7,10,2,96,0,0
83,5.18,4.93,10,0,5,6,5,62,0,0
108,8.74,9.0,3,1,10,9,5,93,1,1
106,7.16,6.9,8,1,1,4,0,54,0,0
111,9.94,10.33,10,0,2,3,1,86,0,0
94,7.07,6.97,7,1,2,2,3,9,0,0
128,5.49,5.95,8,0,4,2,3,27,0,0
84,9.23,9.16,8,1,6,9,5,17,1,1
107,9.26,9.21,5,0,7,3,0,97,0,0
104,9.5,9.6,8,1,8,9,2,10,1,1
104,7.86,7.58,4,0,6,7,5,68,0,0
97,9.53,9.15,2,1,5,9,5,39,1,1
108,5.24,5.56,1,0,3,9,1,71,0,0
90,9.57,9.66,8,1,6,3,4,63,0,0
106,7.73,8.17,7,0,10,2,2,95,0,0
96,6.65,6.7,3,0,2,9,5,88,0,0
90,5.54,5.23,1,0,4,1,5,97,0,0
107,5.22,5.08,6,1,6,8,4,32,0,0
128,6.16,6.01,8,0,1,2,2,74,0,0
76,8.39,8.17,7,1,7,4,2,30,0,0
98,5.64,5.79,5,0,8,8,1,26,0,0
98,8.21,8.55,7,0,2,2,5,11,0,0
98,5.86,5.39,3,0,7,1,3,62,0,0
99,5.17,5.31,9,1,7,1,4,89,0,0
110,8.92,8.87,3,0,5,2,2,2,0,0
88,8.93,9.22,9,1,1,4,3,6,0,0
121,5.28,5.46,6,1,10,5,2,46,0,0
95,8.41,8.55,2,1,10,4,4,26,0,0
93,5.16,4.73,5,1,4,2,1,4,0,0
80,7.19,7.25,7,0,10,8,3,1,0,0
117,5.19,5.26,9,0,2,1,0,72,0,0
69,5.85,6.25,9,1,3,4,0,84,0,0
96,6.53,6.2,9,1,0,9,3,83,0,0
112,8.08,8.55,2,0,1,1,4,2,1,1
95,9.23,8.75,4,1,5,6,3,74,0,0
89,6.37,6.15,8,0,7,9,3,15,0,0
103,8.96,9.07,9,0,1,10,3,42,1,1
105,5.9,5.66,3,0,5,7,0,99,0,0
111,5.9,6.22,4,0,7,10,4,63,1,1
123,8.57,8.67,2,1,3,10,2,2,1,1
112,7.61,7.34,5,1,2,9,3,27,1,1
92,9.64,9.38,9,1,9,6,1,6,0,0
85,6.66,6.91,3,1,8,6,3,74,0,0
66,6.28,5.9,8,0,10,9,1,59,0,0
104,5.37,5.6,3,1,9,10,2,62,0,0
88,7.62,8.09,6,0,9,1,2,33,0,0
117,7.61,8.02,10,0,7,10,5,49,1,1
101,9.21,8.75,1,1,9,2,5,78,0,0
89,9.86,9.85,8,0,3,9,1,5,0,0
69,6.11,5.69,2,0,4,9,2,91,0,0
93,6.97,6.82,2,1,9,4,5,24,0,0
55,9.94,9.83,4,0,3,3,1,71,0,0
108,8.47,8.35,4,0,10,3,3,83,0,0
117,7.98,8.03,6,0,5,4,3,38,1,1
66,7.33,7.41,4,0,5,1,5,15,0,0
94,6.51,6.93,2,0,4,5,5,85,0,0
107,5.69,6.1,5,0,5,8,1,63,0,0
109,6.65,7.07,10,0,5,8,4,13,0,0
86,7.74,8.08,2,0,9,3,0,41,0,0
75,8.51,8.14,5,0,7,1,2,27,0,0
122,6.27,5.91,5,1,5,7,3,61,0,0
95,7.26,7.69,8,1,4,1,2,73,0,0
115,8.82,8.68,6,0,8,6,0,75,0,0
106,7.25,7.49,7,1,3,6,2,64,0,0
129,5.93,6.3,9,1,0,1,2,32,0,0
122,6.6,6.44,4,0,10,10,0,62,0,0
105,9.14,8.97,9,1,0,10,5,26,1,1
110,7.41,6.95,8,1,7,6,3,8,0,0
93,6.79,7.15,6,1,10,5,3,100,0,0
82,7.36,7.38,3,1,4,4,2,38,0,0
104,8.43,8.13,3,1,4,6,1,15,0,0
87,7.32,7.68,2,0,9,4,4,20,0,0
98,5.05,5.52,5,0,9,2,1,35,0,0
103,6.92,6.83,10,0,4,5,3,49,0,0
97,9.95,10.34,3,0,5,4,2,79,0,0
109,8.39,8.42,2,0,9,5,2,5,0,0
110,7.28,7.17,4,1,0,9,0,5,0,0
101,9.75,9.33,10,0,6,7,4,30,0,0
92,9.99,9.79,1,1,9,9,4,25,1,1
97,7.42,7.49,7,0,9,9,2,24,0,0
111,8.4,8.29,8,0,3,6,1,98,0,0
95,9.36,9.1,1,0,3,6,1,94,0,0
110,9.56,9.8,4,0,1,3,0,27,0,0
84,8.48,8.69,6,0,5,6,3,55,0,0
105,5.68,5.56,3,0,6,4,2,96,0,0
107,9.18,8.86,2,1,0,2,3,34,0,0
92,6.55,6.43,1,0,2,6,5,58,0,0
88,7.7,8.11,5,1,1,7,5,77,0,0
107,7.05,6.58,10,0,6,2,4,14,0,0
104,9.32,9.16,7,0,10,1,4,26,0,0
115,5.66,5.58,6,1,2,2,3,32,0,0
100,5.33,5.47,9,1,4,4,3,89,0,0
106,7.04,6.58,10,0,0,2,4,62,0,0
125,7.74,7.32,3,0,3,3,1,81,0,0
106,8.69,8.55,1,0,9,8,2,12,1,1
87,5.38,5.33,10,1,4,3,0,22,0,0
93,7.79,7.61,6,0,3,5,3,96,0,0
114,9.26,9.66,10,0,7,10,1,38,1,1
93,8.45,8.23,8,0,9,7,2,33,0,0
97,9.31,9.25,1,1,4,10,2,52,1,1
101,7.23,7.33,7,0,4,5,0,96,0,0
79,5.14,5.16,5,0,9,9,1,26,0,0
116,5.07,5.3,10,0,10,10,2,88,1,1
99,5.01,4.56,5,1,0,9,4,17,0,0
114,9.79,9.78,4,0,4,4,4,18,1,1
108,8.65,9.06,1,0,2,1,3,40,0,0
101,9.64,9.53,5,1,1,10,4,71,1,1
95,5.37,5.85,8,0,4,5,5,18,0,0
92,5.59,6.02,3,1,9,3,4,58,0,0
108,6.54,6.77,10,0,8,7,2,27,0,0
99,9.45,9.82,6,0,7,6,2,53,0,0
107,8.27,8.36,7,1,2,8,5,67,1,1
107,6.38,6.71,10,0,9,10,1,43,0,0
98,7.53,7.91,3,0,1,7,3,62,0,0
97,9.93,10.0,8,0,8,3,1,86,0,0
115,9.65,9.54,1,0,10,6,5,31,1,1
108,5.86,6.1,5,0,0,6,3,45,0,0
102,8.75,9.15,7,1,0,2,0,40,0,0
90,5.54,6.01,1,1,6,7,4,82,0,0
100,9.65,9.22,10,1,4,9,5,53,1,1
116,7.01,7.37,4,0,4,9,2,81,1,1
123,7.19,7.08,10,1,10,6,0,94,0,0
104,9.27,9.3,9,0,3,6,1,7,0,0
93,5.61,5.16,1,1,7,2,1,94,0,0
125,5.67,6.13,2,0,4,3,4,41,0,0
105,5.09,5.39,4,1,0,5,5,46,0,0
73,6.55,6.89,10,1,9,1,4,76,0,0
82,9.14,9.31,9,0,2,9,2,21,1,1
92,6.88,6.45,1,0,8,6,2,82,0,0
122,7.59,7.76,10,1,10,3,0,93,0,0
100,7.54,7.25,5,1,7,3,2,45,0,0
113,8.01,8.19,7,1,4,2,2,51,1,1
101,9.5,9.84,6,0,10,8,3,99,1,1
109,6.01,6.21,4,0,10,4,4,6,0,0
103,9.42,9.34,3,0,8,6,2,71,0,0
103,9.55,9.51,2,0,9,2,4,80,0,0
107,9.37,9.12,6,0,1,8,0,14,0,0
78,8.88,8.79,2,0,2,10,4,19,1,1
84,5.1,4.72,10,0,6,3,0,79,0,0
94,9.88,10.35,10,0,9,7,5,51,0,0
105,7.53,7.14,9,0,0,1,5,18,0,0
110,5.96,6.38,7,0,6,7,5,91,0,0
92,7.9,7.53,1,1,2,3,0,17,0,0
92,9.42,9.35,4,0,9,9,3,55,1,1
101,8.47,8.06,5,1,1,5,2,48,0,0
126,7.92,8.34,2,1,0,5,2,45,1,1
121,8.67,9.03,8,0,10,10,5,13,1,1
102,5.69,6.13,1,1,6,1,2,92,0,0
97,6.78,6.28,10,0,2,4,5,1,0,0
80,7.23,7.66,5,0,9,1,3,13,0,0
81,9.81,9.89,1,0,3,7,1,37,0,0
112,6.41,5.92,1,1,1,6,4,8,0,0
90,7.61,7.17,10,0,6,2,2,41,0,0
60,6.58,6.76,1,1,0,4,3,39,0,0
96,5.78,6.19,10,0,3,4,0,2,0,0
119,5.18,5.53,6,1,10,3,2,66,0,0
97,6.79,6.32,7,1,7,7,3,61,0,0
103,6.96,7.41,10,1,9,4,2,10,0,0
102,8.29,7.9,6,1,3,9,0,58,0,0
111,8.08,7.63,10,0,0,5,1,63,0,0
101,6.3,6.61,3,1,5,9,3,98,0,0
80,7.76,7.36,9,0,9,10,4,75,0,0
111,8.03,7.67,10,0,3,2,5,25,0,0
65,9.87,9.88,6,1,9,5,1,5,0,0
106,5.36,5.01,8,0,2,5,1,84,0,0
116,7.68,8.13,10,0,3,1,5,26,1,1
102,7.22,7.14,9,1,4,10,0,96,0,0
116,7.71,7.67,8,0,10,5,3,14,0,0
103,6.12,5.86,8,0,6,8,0,49,0,0
105,6.74,6.77,4,0,1,4,2,96,0,0
98,5.56,5.12,6,0,5,4,4,27,0,0
104,7.64,7.39,4,0,6,4,1,10,0,0
104,5.06,5.16,5,0,10,10,1,88,0,0
107,9.08,8.64,9,1,3,1,2,72,0,0
93,7.22,7.41,10,0,8,2,2,23,0,0
115,6.2,6.11,2,1,4,3,2,47,0,0
98,9.9,10.25,5,1,6,8,4,33,1,1
91,9.16,9.63,6,1,7,10,1,51,0,0
113,6.07,5.97,7,0,7,6,0,78,0,0
94,7.73,7.83,7,1,2,10,3,49,0,0
114,8.33,8.25,7,0,4,2,4,11,1,1
94,5.11,5.04,4,1,9,1,0,83,0,0
97,8.01,7.89,6,0,5,6,2,41,0,0
102,8.74,8.74,3,0,7,3,1,100,0,0
103,7.8,7.97,3,0,3,3,2,32,0,0
109,7.76,7.27,1,1,4,10,2,67,0,0
94,8.62,8.29,6,0,8,7,3,99,0,0
102,6.5,6.81,2,0,1,6,4,27,0,0
112,7.56,7.82,7,1,5,3,0,55,0,0
93,8.41,8.32,4,0,4,9,4,77,1,1
108,7.84,7.78,7,0,5,8,2,28,0,0
109,6.48,6.6,6,0,10,6,4,40,0,0
128,5.62,5.58,5,1,10,10,1,58,0,0
75,6.3,6.76,2,0,4,4,5,25,0,0
93,9.34,9.71,10,1,4,10,3,50,1,1
95,5.85,5.72,2,1,9,9,5,57,0,0
94,9.34,9.33,6,0,4,7,5,14,0,0
81,9.33,9.3,9,0,5,9,0,47,0,0
89,9.07,8.97,2,0,0,9,2,87,1,1
99,7.38,7.4,3,1,9,2,4,3,0,0
88,8.63,8.89,8,0,5,3,4,96,0,0
112,5.23,4.94,10,1,9,1,2,59,0,0
134,5.42,5.37,3,0,1,6,2,24,0,0
81,8.85,8.86,6,0,8,1,5,77,0,0
99,6.54,6.5,6,0,10,8,2,30,0,0
125,5.16,5.27,3,0,3,2,1,86,0,0
109,5.12,5.47,4,1,9,7,4,8,0,0
104,7.51,7.29,8,0,3,9,0,78,0,0
129,9.54,9.48,6,0,10,9,2,63,1,1
101,5.64,6.04,10,1,5,7,1,96,0,0
78,9.86,9.76,2,0,8,6,0,33,0,0
103,7.43,7.44,4,0,10,8,3,100,0,0
125,7.24,7.29,10,1,6,6,3,35,0,0
88,7.44,7.76,6,0,10,9,0,31,0,0
108,8.16,8.24,3,1,5,7,5,69,0,0
95,6.18,6.08,3,0,4,10,5,21,0,0
76,5.09,4.77,6,1,3,5,1,11,0,0
79,9.91,10.03,2,0,2,2,0,88,0,0
97,9.85,10.06,6,0,0,7,5,72,0,0
108,6.62,6.34,3,1,7,1,2,53,0,0
107,9.36,9.68,6,1,0,9,4,63,1,1
95,6.39,6.86,10,0,9,7,0,77,0,0
109,6.25,6.52,7,0,9,6,5,24,0,0
74,7.87,7.68,9,1,4,4,5,52,0,0
107,5.21,4.77,3,1,8,10,2,49,0,0
87,6.69,6.88,6,0,4,5,0,12,0,0
124,5.81,5.92,10,0,1,3,5,29,0,0
98,7.45,7.24,9,1,3,3,2,58,0,0
88,8.95,8.93,6,1,7,6,3,63,0,0
117,8.93,8.68,9,1,4,3,5,98,1,1
122,6.4,6.0,6,0,1,3,0,16,0,0
83,5.38,5.39,5,0,6,3,5,77,0,0
105,5.67,5.41,6,1,7,10,0,75,0,0
101,8.64,8.67,4,1,0,7,0,98,0,0
110,7.25,7.03,5,1,3,10,4,46,0,0
105,6.19,5.92,2,0,9,5,5,47,0,0
99,5.9,6.2,8,1,8,1,1,74,0,0
115,6.69,6.58,4,1,6,5,1,55,0,0
100,5.61,5.64,4,0,3,3,4,39,0,0
111,7.27,7.46,9,0,9,4,4,26,0,0
105,9.85,9.88,4,1,7,6,0,99,0,0
122,5.14,5.41,6,0,7,6,5,5,0,0
120,9.93,9.6,3,1,2,7,1,55,0,0
99,7.66,7.7,7,0,10,8,4,19,0,0
98,5.61,5.76,7,0,6,4,5,93,0,0
103,5.1,5.21,2,0,8,1,0,27,0,0
118,5.0,5.41,2,0,9,5,1,36,0,0
110,5.14,5.1,5,1,3,3,3,95,0,0
128,7.32,7.57,2,0,6,6,0,84,0,0
100,7.25,7.64,8,1,5,8,1,49,0,0
119,5.32,5.26,7,0,9,5,5,28,0,0
98,5.32,5.16,4,0,0,5,4,43,0,0
98,9.33,9.46,4,0,0,7,0,84,0,0
121,8.85,8.47,8,1,2,1,2,59,1,1
118,9.42,9.64,9,0,6,5,2,2,1,1
122,8.16,7.74,4,0,4,2,2,18,0,0
94,7.49,7.03,3,0,3,8,3,100,0,0
132,9.83,9.6,1,1,1,7,1,78,0,0
109,9.45,9.37,10,0,10,2,0,16,0,0
85,9.16,8.81,4,1,7,9,3,30,1,1
106,9.85,10.03,10,0,10,9,4,12,1,1
94,9.67,10.06,10,0,9,5,3,59,0,0
107,6.8,6.57,8,0,6,10,2,32,0,0
111,5.73,5.38,7,1,8,3,3,16,0,0
97,8.93,8.92,9,0,8,5,1,57,0,0
105,8.04,7.66,9,0,5,5,5,95,0,0
85,5.48,5.58,8,1,9,8,3,31,0,0
111,9.41,9.86,5,1,9,10,4,53,1,1
103,5.52,5.3,4,0,9,1,2,42,0,0
91,8.08,8.41,8,1,5,8,3,61,1,1
91,9.27,8.89,1,0,9,7,3,86,0,0
97,8.76,8.91,10,0,9,2,4,10,0,0
97,8.09,7.89,3,1,5,3,4,2,0,0
129,7.15,6.91,2,0,10,3,2,30,0,0
103,8.3,8.33,6,1,2,6,5,60,0,0
98,8.19,7.77,4,0,2,5,3,45,0,0
99,6.74,6.37,8,1,9,2,3,35,0,0
134,7.81,7.43,10,0,1,1,5,62,0,0
108,6.91,7.05,1,0,1,3,3,95,0,0
90,8.69,8.85,9,0,8,9,5,39,1,1
111,5.77,6.17,6,0,2,2,2,27,0,0
72,5.59,5.46,2,1,8,6,3,74,0,0
107,6.77,6.88,2,0,4,7,4,5,0,0
92,7.44,7.84,9,1,4,1,1,47,0,0
68,5.69,5.51,1,0,0,10,5,83,0,0
105,6.83,6.5,5,0,5,4,2,12,0,0
107,5.93,5.44,2,0,1,2,0,47,0,0
116,8.41,8.54,10,0,0,8,1,46,1,1
73,5.09,5.27,2,1,8,4,1,58,0,0
86,8.05,8.36,3,0,8,8,5,23,1,1
92,7.58,7.94,4,1,3,1,2,4,0,0
89,6.8,7.16,6,0,0,1,0,45,0,0
69,8.35,8.26,3,0,6,5,2,28,0,0
101,6.55,6.13,6,1,10,10,2,27,0,0
102,6.69,7.09,5,0,7,6,5,12,0,0
114,7.76,8.23,7,1,6,3,5,54,1,1
126,8.84,8.55,2,0,10,9,1,97,1,1
89,9.97,9.83,3,1,0,2,0,56,0,0
112,8.61,8.8,1,1,2,7,5,62,1,1
103,9.75,9.29,4,0,4,2,3,34,0,0
91,9.29,8.88,3,0,7,7,0,66,0,0
80,7.08,7.41,6,1,6,4,5,52,0,0
96,7.15,7.3,9,0,10,9,4,97,0,0
99,9.61,9.35,8,1,3,2,2,41,0,0
87,6.32,6.42,9,0,10,5,1,75,0,0
77,7.29,7.15,2,0,3,2,4,73,0,0
101,8.95,8.69,9,0,6,4,0,81,0,0
78,6.47,6.65,9,0,6,3,0,41,0,0
78,5.86,5.56,7,1,3,6,2,15,0,0
114,7.83,8.26,4,0,8,5,1,17,0,0
100,6.94,6.74,8,1,10,3,0,35,0,0
95,7.44,7.71,3,0,6,3,2,93,0,0
109,5.43,5.78,10,1,1,10,0,6,0,0
120,9.3,9.4,7,0,3,1,3,87,1,1
88,8.35,7.85,7,0,6,9,3,77,0,0
132,5.75,5.95,9,1,2,8,2,10,1,1
100,6.89,6.46,6,1,1,1,2,57,0,0
117,8.92,8.79,7,1,7,1,1,91,0,0
126,6.73,6.96,9,0,9,7,1,22,0,0
93,7.27,7.51,10,1,10,3,4,55,0,0
67,7.32,6.97,4,0,10,9,2,57,0,0
127,5.91,6.07,2,1,0,6,0,69,0,0
90,8.39,8.88,4,0,2,7,0,82,0,0
83,7.95,7.64,7,0,6,1,3,7,0,0
89,8.62,8.22,1,0,1,7,1,28,0,0
83,5.81,6.02,5,1,6,10,3,55,0,0
104,7.18,7.33,5,1,10,4,5,38,0,0
98,5.68,5.18,8,1,9,6,0,39,0,0
106,8.8,9.07,1,0,8,4,0,39,0,0
82,9.36,9.76,7,0,4,8,1,29,0,0
88,9.77,9.65,2,1,6,4,4,14,0,0
111,9.07,9.15,6,1,8,10,2,100,1,1
114,5.81,6.0,9,0,8,1,0,28,0,0
96,7.91,7.69,7,0,8,10,2,4,0,0
95,8.56,8.89,1,0,10,2,1,64,0,0
112,5.88,5.65,10,1,10,2,5,98,0,0
87,9.33,8.86,1,1,9,5,1,49,0,0
107,7.99,7.75,9,0,8,2,0,48,0,0
99,5.26,5.12,2,0,0,9,2,47,0,0
87,9.03,9.5,10,1,1,6,5,12,0,0
100,5.32,4.94,9,1,8,10,0,9,0,0
108,9.49,9.38,7,0,8,10,4,43,1,1
97,7.21,6.8,1,0,9,2,5,23,0,0
81,7.29,7.09,2,1,7,2,5,4,0,0
93,5.91,5.81,9,0,1,7,2,5,0,0
125,7.94,7.45,5,0,1,8,3,67,1,1
112,8.16,8.22,5,0,1,4,1,10,0,0
113,8.52,8.42,8,1,0,9,3,85,1,1
103,9.4,9.53,9,0,2,3,1,39,0,0
94,6.08,5.8,2,1,5,7,4,78,0,0
100,7.05,7.35,7,1,4,5,3,9,0,0
75,8.94,8.69,9,1,5,2,3,95,0,0
116,6.8,7.3,2,0,3,7,5,7,0,0
102,5.46,5.94,10,0,6,6,0,52,0,0
87,6.35,5.95,1,0,4,6,2,25,0,0
100,7.07,7.43,7,0,8,4,5,3,0,0
104,5.74,5.72,1,0,9,4,4,73,0,0
108,6.12,6.56,10,0,4,6,5,17,0,0
113,7.04,6.89,9,0,2,4,5,67,0,0
106,6.49,6.72,7,1,4,2,3,36,0,0
110,5.23,5.38,10,1,3,10,4,78,0,0
99,5.48,5.56,3,1,10,1,0,41,0,0
102,6.59,6.58,10,1,5,2,2,80,0,0
92,9.53,9.26,1,1,4,6,5,68,0,0
113,7.27,7.44,2,1,9,10,2,80,1,1
87,6.33,6.71,2,1,2,8,2,72,0,0
122,7.78,8.06,4,1,8,4,2,61,1,1
118,5.89,6.26,10,0,3,9,0,82,0,0
84,6.79,7.11,1,1,9,9,0,97,0,0
112,9.48,9.22,4,0,9,10,5,75,1,1
97,9.99,9.96,2,0,10,1,0,19,0,0
107,7.81,8.07,1,0,7,7,1,36,0,0
122,6.2,6.09,6,0,6,3,2,33,0,0
94,5.13,4.91,8,0,9,4,0,6,0,0
96,6.43,6.35,7,1,1,5,3,73,0,0
121,6.06,6.44,6,1,0,4,3,14,0,0
78,9.35,9.4,6,1,2,6,2,90,0,0
108,7.24,7.44,6,1,1,1,4,76,0,0
85,9.07,8.75,5,0,9,8,1,29,0,0
108,7.99,7.61,10,1,2,10,4,45,0,0
96,6.61,6.16,4,0,1,3,0,41,0,0
111,5.38,5.88,8,0,8,5,5,6,0,0
112,7.89,7.63,4,1,1,9,2,5,1,1
79,8.66,9.12,10,1,10,8,0,38,0,0
103,9.26,9.02,10,0,5,3,1,45,0,0
110,5.07,4.81,3,0,8,3,2,86,0,0
105,9.57,9.73,7,0,9,8,3,42,1,1
111,5.29,5.59,6,0,9,7,2,34,0,0
117,9.44,9.09,4,0,0,2,1,32,0,0
107,6.55,6.17,8,0,0,5,3,84,0,0
119,5.11,4.7,8,0,8,2,3,49,0,0
116,7.55,7.27,9,0,4,1,3,49,0,0
86,6.86,6.87,3,0,2,8,1,5,0,0
99,9.43,9.52,1,0,4,1,0,76,0,0
83,7.51,7.59,2,1,9,8,1,73,0,0
101,9.52,9.09,10,0,2,8,2,55,1,1
98,8.12,7.69,7,0,3,3,5,37,0,0
114,9.45,9.92,6,1,5,1,1,61,0,0
103,6.3,6.37,2,0,8,6,0,35,0,0
77,8.06,8.35,2,1,5,3,3,60,0,0
101,6.64,7.11,10,0,8,8,3,75,0,0
102,5.74,5.79,2,0,6,3,5,45,0,0
115,7.86,8.01,10,0,1,8,2,27,1,1
116,8.61,8.51,4,0,1,1,5,73,1,1
90,5.55,5.18,1,0,5,7,5,36,0,0
80,9.47,9.28,4,0,5,4,2,100,0,0
71,9.91,9.84,1,0,5,4,5,72,0,0
74,6.49,6.72,2,1,4,3,1,19,0,0
111,8.98,8.66,9,0,3,4,5,69,1,1
90,5.25,5.24,2,1,5,1,5,35,0,0
106,8.42,8.19,4,1,4,4,5,9,0,0
106,8.76,8.34,6,1,9,1,4,70,0,0
75,8.75,8.71,2,0,7,8,4,64,1,1
113,5.88,5.79,9,0,9,5,5,2,0,0
101,8.9,8.57,8,1,4,8,0,36,0,0
111,5.85,6.27,9,0,9,6,5,49,0,0
107,6.86,6.76,8,0,5,5,0,81,0,0
96,5.22,4.87,5,1,6,10,1,17,0,0
109,6.73,6.68,10,1,3,8,2,67,0,0
97,8.56,8.82,6,0,9,2,1,75,0,0
81,9.34,9.28,5,1,2,9,2,58,1,1
72,7.31,7.2,1,0,10,2,0,53,0,0
109,6.32,5.85,4,0,8,3,3,63,0,0
118,6.08,6.41,4,0,3,4,2,19,0,0
82,5.01,4.92,10,0,5,8,3,61,0,0
93,7.66,8.11,10,0,4,2,2,69,0,0
118,9.14,9.14,9,0,7,2,4,84,1,1
102,8.58,8.99,6,0,9,4,1,77,0,0
114,9.99,10.01,5,1,8,7,1,17,0,0
79,9.44,9.41,1,1,9,2,0,64,0,0
99,7.5,7.2,10,1,3,1,2,18,0,0
116,6.58,6.48,8,0,6,1,1,39,0,0
95,7.09,7.07,7,1,0,8,3,56,0,0
96,8.2,8.3,7,0,1,9,4,99,1,1
85,6.16,5.76,7,1,8,4,0,75,0,0
68,7.53,7.17,1,1,5,8,0,62,0,0
99,6.09,5.89,9,1,6,2,0,1,0,0
138,7.39,7.3,2,0,0,2,0,34,0,0
66,9.38,9.17,6,0,0,6,4,36,0,0
91,7.47,7.03,10,1,2,8,3,15,0,0
96,8.98,9.17,2,0,8,9,2,29,1,1
78,9.9,10.18,6,0,4,10,1,72,0,0
104,6.06,6.25,2,1,3,2,2,15,0,0
104,8.83,8.77,7,0,3,2,2,86,0,0
89,9.87,9.69,7,1,10,8,3,69,1,1
83,7.51,7.77,8,0,10,3,1,50,0,0
77,9.76,9.48,5,0,2,6,0,47,0,0
102,8.67,8.87,6,0,3,8,2,61,1,1
76,7.53,7.53,2,1,6,8,0,88,0,0
99,5.8,5.94,6,0,2,7,5,45,0,0
105,8.9,9.23,6,0,8,2,3,38,0,0
104,8.99,8.77,9,0,4,10,4,51,1,1
119,8.5,8.56,2,1,5,2,4,45,1,1
80,5.53,5.23,8,0,1,6,5,9,0,0
93,6.11,5.68,1,0,1,7,3,35,0,0
87,6.26,6.16,10,0,10,4,2,83,0,0
86,6.42,6.29,1,0,10,3,4,33,0,0
100,8.53,8.7,3,0,10,3,3,23,0,0
89,6.73,6.98,10,1,5,10,4,8,0,0
80,9.11,8.74,7,1,8,4,3,66,0,0
81,8.11,8.18,7,0,10,5,4,22,0,0
110,8.52,8.27,5,1,3,2,3,78,0,0
113,8.27,8.62,5,0,5,1,3,25,1,1
109,6.89,7.36,10,1,8,9,0,4,0,0
67,8.03,8.47,4,0,3,10,0,7,0,0
123,6.75,6.49,9,0,4,5,4,62,0,0
88,8.28,8.71,6,0,4,8,2,56,1,1
103,5.01,4.61,2,1,0,10,4,78,0,0
95,9.14,9.46,6,0,4,9,1,20,0,0
87,8.46,8.57,5,1,9,7,0,63,0,0
98,9.66,10.03,1,1,0,4,5,21,0,0
92,9.06,8.9,5,0,8,9,2,18,1,1
87,5.87,5.77,1,1,7,10,3,76,0,0
69,7.62,7.9,3,0,8,4,0,4,0,0
75,8.95,9.27,3,0,8,9,5,10,1,1
98,8.09,7.81,7,0,6,5,1,69,0,0
97,6.84,6.86,10,1,0,3,5,61,0,0
93,9.89,10.38,7,1,5,7,2,43,0,0
88,6.71,6.22,2,0,4,5,2,45,0,0
86,5.16,5.56,2,1,7,4,2,78,0,0
117,8.99,9.03,10,0,10,8,1,9,1,1
98,5.31,5.38,6,0,1,4,2,34,0,0
97,8.34,8.34,2,0,7,4,4,89,0,0
87,9.24,9.33,2,1,1,1,3,80,0,0
78,9.81,10.01,1,0,9,4,5,73,0,0
109,7.79,7.72,8,0,0,8,3,91,0,0
147,8.34,7.9,6,1,0,9,1,37,0,0
90,6.74,6.42,10,1,9,6,0,51,0,0
98,8.08,7.62,7,1,7,8,4,64,0,0
97,6.37,6.06,4,1,8,9,5,39,0,0
112,7.02,7.42,10,0,8,2,2,72,0,0
87,8.67,8.48,5,0,4,8,2,79,1,1
113,5.85,5.94,2,0,7,6,3,53,0,0
120,5.93,5.54,5,1,8,9,4,90,1,1
109,7.29,7.29,1,1,8,10,2,41,0,0
56,5.41,5.02,2,1,3,4,4,54,0,0
116,5.38,5.58,8,1,8,8,3,45,1,1
